field,temperature,angle,mode,ik,kx,ky,energy,vx_archived,surface_weight,inverse_tau,tau,sigma_term,inverse_tau_error
0.0,0.5,0,raw,0,0.07210131350467973,0.20813856380426227,5.147068562018063,0.0012798121389270486,0.5199186403998483,2.1267281842450534,0.4702058342048917,1.2429319046607537e-05,0.2584033808944045
0.0,0.5,0,raw,1,0.10815197025701961,0.18732470742383606,5.144408487097705,-0.008533825831208507,0.5292631038427693,2.2307368808863646,0.4482823629125898,0.0006523076404100955,0.2657858706368041
0.0,0.5,0,raw,2,0.14420262700935949,0.16651085104340982,5.147184635464241,0.0023193317508343274,0.5198165912370559,2.432327203454169,0.41112889687698734,3.526764495653545e-05,0.27322722340303846
0.0,0.5,0,raw,3,0.1081519702570196,0.22895242018468848,5.145607021581596,0.020355732276406392,0.5191554241865939,2.071331453609486,0.4827812556302411,0.003653153593272632,0.22916864725198036
0.0,0.5,0,raw,4,0.14420262700935949,0.20813856380426224,5.14564473400505,0.026715871630664557,0.5189042758364556,2.2626574431496618,0.44195819523081725,0.005742295073596148,0.2857127183006262
0.0,0.5,0,raw,5,0.07210131350467978,-0.20813856380426232,5.146844912315772,0.0005797263311832068,0.5205325849982075,2.2820274056574092,0.4382068320130094,2.4323073502048903e-06,0.13729681292129262
0.0,0.5,0,raw,6,0.10815197025701967,-0.22895242018468864,5.145283064283133,0.020767649695250218,0.5201991268486323,1.702950064423131,0.5872162789099438,0.004737140105619643,0.10935473520434252
0.0,0.5,0,raw,7,0.10815197025701966,-0.1873247074238361,5.144121377789962,-0.010719092181551456,0.5293336940278256,2.207720117422875,0.4529559667043865,0.0010532797128586565,0.1792947003414121
0.0,0.5,0,raw,8,0.1442026270093595,-0.20813856380426232,5.14534716925702,0.02758948382352358,0.5198300769023786,1.8839761690637327,0.5307922766862616,0.007520281145948672,0.18896362449247284
0.0,0.5,0,raw,9,0.1442026270093595,-0.1665108510434099,5.147021734594037,-0.0001259620521843198,0.5199197772191021,2.421765045294991,0.4129219727334002,1.0622903240831967e-07,0.26658039795081384
0.0,0.5,0,raw,10,-0.2523545972663792,-0.02081385638042621,5.145677872466416,-0.0434418685841995,0.51985771673767,2.4260850227192106,0.4121867084770086,0.014152626206283696,0.27196971699408246
0.0,0.5,0,raw,11,-0.21630394051403923,-0.04162771276085253,5.147376441087658,0.002858217999507969,0.5206594926129264,2.433831100682268,0.4108748547586861,5.255063180060215e-05,0.28162951326840185
0.0,0.5,0,raw,12,-0.2523545972663792,0.02081385638042632,5.14568083614509,-0.04516075583106109,0.519842788437298,2.338290645837865,0.42766283215475814,0.015865154606945576,0.23546643842713877
0.0,0.5,0,raw,13,-0.21630394051403923,0.0,5.144627763799344,0.02362499790397463,0.5292851652193965,2.2459791383230487,0.44524011062126156,0.004912312540607481,0.2145422433574213
0.0,0.5,0,raw,14,-0.21630394051403923,0.04162771276085242,5.147285144449704,0.0015024015617280991,0.5195837738285636,2.2078300468279974,0.4529334137094048,1.612746759788423e-05,0.2005001908023068
0.0,4.0,0,raw,0,0.07210131350467973,0.20813856380426227,5.147068562018063,0.0012798121389270486,0.5199186403998483,2.4489320238442995,0.40834126478946275,1.079400443541047e-05,0.3705496772132585
0.0,4.0,0,raw,1,0.10815197025701961,0.18732470742383606,5.144408487097705,-0.008533825831208507,0.5292631038427693,2.1769179436583053,0.4593650407968536,0.0006684343410305231,0.34245966461619903
0.0,4.0,0,raw,2,0.14420262700935949,0.16651085104340982,5.147184635464241,0.0023193317508343274,0.5198165912370559,2.078736051135337,0.48106155634999115,4.1266639977063396e-05,0.3308500963484307
0.0,4.0,0,raw,3,0.1081519702570196,0.22895242018468848,5.145607021581596,0.020355732276406392,0.5191554241865939,2.6854133393750224,0.3723821526233762,0.0028177755102583813,0.592308485818669
0.0,4.0,0,raw,4,0.14420262700935949,0.20813856380426224,5.14564473400505,0.026715871630664557,0.5189042758364556,2.430531768953409,0.4114325979086468,0.0053456806674980015,0.5299731563410653
0.0,4.0,0,raw,5,0.07210131350467978,-0.20813856380426232,5.146844912315772,0.0005797263311832068,0.5205325849982075,2.368916852564562,0.4221338536713146,2.3430928046885673e-06,0.46985935646339516
0.0,4.0,0,raw,6,0.10815197025701967,-0.22895242018468864,5.145283064283133,0.020767649695250218,0.5201991268486323,2.178193248784065,0.4590960882640835,0.003703580043942236,0.5630807917394365
0.0,4.0,0,raw,7,0.10815197025701966,-0.1873247074238361,5.144121377789962,-0.010719092181551456,0.5293336940278256,2.134016097443241,0.4686000265874739,0.001089657577624385,0.40305567125415787
0.0,4.0,0,raw,8,0.1442026270093595,-0.20813856380426232,5.14534716925702,0.02758948382352358,0.5198300769023786,1.9646266544034117,0.5090025617634029,0.007211563801127869,0.4590265737675608
0.0,4.0,0,raw,9,0.1442026270093595,-0.1665108510434099,5.147021734594037,-0.0001259620521843198,0.5199197772191021,2.0107418192432758,0.49732889147167625,1.27943704666567e-07,0.34472191835292104
0.0,4.0,0,raw,10,-0.2523545972663792,-0.02081385638042621,5.145677872466416,-0.0434418685841995,0.51985771673767,1.9584213032453417,0.510615360618718,0.017532220679130805,0.4110798413159377
0.0,4.0,0,raw,11,-0.21630394051403923,-0.04162771276085253,5.147376441087658,0.002858217999507969,0.5206594926129264,2.070495671682554,0.4829761364279339,6.177233972813515e-05,0.311593433119385
0.0,4.0,0,raw,12,-0.2523545972663792,0.02081385638042632,5.14568083614509,-0.04516075583106109,0.519842788437298,1.7310684365137519,0.5776779120379137,0.021430315422366404,0.3996822411707261
0.0,4.0,0,raw,13,-0.21630394051403923,0.0,5.144627763799344,0.02362499790397463,0.5292851652193965,1.7321262783642577,0.5773251133539496,0.006369599967934278,0.32157189108862994
0.0,4.0,0,raw,14,-0.21630394051403923,0.04162771276085242,5.147285144449704,0.0015024015617280991,0.5195837738285636,1.6377254171821638,0.6106029676944131,2.1741561294882942e-05,0.33073904298731793
0.2,0.5,0,raw,0,0.07210131350467973,0.20813856380426227,5.147068562018063,0.0012798121389270486,0.5199186403998483,2.231369395570434,0.44815529064131354,1.1846439760206755e-05,0.413898636310047
0.2,0.5,0,raw,1,0.10815197025701961,0.18732470742383606,5.144408487097705,-0.008533825831208507,0.5292631038427693,2.1905085336698575,0.4565149985171046,0.0006642871683813628,0.35223546149416585
0.2,0.5,0,raw,2,0.14420262700935949,0.16651085104340982,5.147184635464241,0.0023193317508343274,0.5198165912370559,2.293057058003361,0.4360990479978428,3.7409645752224744e-05,0.36038866487866666
0.2,0.5,0,raw,3,0.1081519702570196,0.22895242018468848,5.145607021581596,0.020355732276406392,0.5191554241865939,2.4418876187617045,0.4095192556433477,0.003098787955872159,0.47525901258514974
0.2,0.5,0,raw,4,0.14420262700935949,0.20813856380426224,5.14564473400505,0.026715871630664557,0.5189042758364556,2.5539442247236988,0.3915512290046922,0.005087365089360792,0.4563936266639862
0.2,0.5,0,raw,5,0.07210131350467978,-0.20813856380426232,5.146844912315772,0.0005797263311832068,0.5205325849982075,2.508621373998583,0.3986253208095981,2.2126065294987987e-06,0.4819795927740778
0.2,0.5,0,raw,6,0.10815197025701967,-0.22895242018468864,5.145283064283133,0.020767649695250218,0.5201991268486323,2.058564175597924,0.48577547975133845,0.003918805711123008,0.4373525364570766
0.2,0.5,0,raw,7,0.10815197025701966,-0.1873247074238361,5.144121377789962,-0.010719092181551456,0.5293336940278256,2.3137612065595428,0.432196718125011,0.0010050072603685536,0.4855157783777589
0.2,0.5,0,raw,8,0.1442026270093595,-0.20813856380426232,5.14534716925702,0.02758948382352358,0.5198300769023786,1.9688518045043288,0.5079102437838161,0.007196087806717118,0.44769288680635877
0.2,0.5,0,raw,9,0.1442026270093595,-0.1665108510434099,5.147021734594037,-0.0001259620521843198,0.5199197772191021,2.2636963501132406,0.44175536173390717,1.136467607367516e-07,0.44576648570768906
0.2,0.5,0,raw,10,-0.2523545972663792,-0.02081385638042621,5.145677872466416,-0.0434418685841995,0.51985771673767,2.435519648798716,0.41058999482645736,0.014097802285497367,0.40918275655667546
0.2,0.5,0,raw,11,-0.21630394051403923,-0.04162771276085253,5.147376441087658,0.002858217999507969,0.5206594926129264,2.6209646992765063,0.38153890446370414,4.879858247313044e-05,0.3571581153569437
0.2,0.5,0,raw,12,-0.2523545972663792,0.02081385638042632,5.14568083614509,-0.04516075583106109,0.519842788437298,2.31191317635195,0.43254219502219177,0.01604616600296797,0.40852249535316504
0.2,0.5,0,raw,13,-0.21630394051403923,0.0,5.144627763799344,0.02362499790397463,0.5292851652193965,2.361716860905402,0.42342078195463023,0.004671580945946855,0.35212734201760937
0.2,0.5,0,raw,14,-0.21630394051403923,0.04162771276085242,5.147285144449704,0.0015024015617280991,0.5195837738285636,2.2935686731453218,0.4360017695169485,1.5524587494920712e-05,0.3205118542231845
0.2,4.0,0,raw,0,0.07210131350467973,0.20813856380426227,5.147068562018063,0.0012798121389270486,0.5199186403998483,2.450393092035301,0.40809778775918687,1.0787568416395655e-05,0.23705642792197834
0.2,4.0,0,raw,1,0.10815197025701961,0.18732470742383606,5.144408487097705,-0.008533825831208507,0.5292631038427693,2.3277984140486208,0.4295904636607906,0.0006251085585267383,0.1976573593747667
0.2,4.0,0,raw,2,0.14420262700935949,0.16651085104340982,5.147184635464241,0.0023193317508343274,0.5198165912370559,2.2933531738670316,0.4360427392497113,3.740481544972804e-05,0.21269726212230392
0.2,4.0,0,raw,3,0.1081519702570196,0.22895242018468848,5.145607021581596,0.020355732276406392,0.5191554241865939,2.412307887879727,0.41454078271863537,0.003136785308637762,0.30141816140592126
0.2,4.0,0,raw,4,0.14420262700935949,0.20813856380426224,5.14564473400505,0.026715871630664557,0.5189042758364556,2.3400356955914376,0.42734390842155623,0.005552413885613849,0.3123586762743728
0.2,4.0,0,raw,5,0.07210131350467978,-0.20813856380426232,5.146844912315772,0.0005797263311832068,0.5205325849982075,2.066172477394807,0.4839867005008598,2.686412723466405e-06,0.2313920502127049
0.2,4.0,0,raw,6,0.10815197025701967,-0.22895242018468864,5.145283064283133,0.020767649695250218,0.5201991268486323,1.8668366015790525,0.5356655205678719,0.0043212743103616304,0.2725168324736681
0.2,4.0,0,raw,7,0.10815197025701966,-0.1873247074238361,5.144121377789962,-0.010719092181551456,0.5293336940278256,2.0660864666643812,0.48400684876197964,0.0011254837824409304,0.26933839398672454
0.2,4.0,0,raw,8,0.1442026270093595,-0.20813856380426232,5.14534716925702,0.02758948382352358,0.5198300769023786,1.9655320756680492,0.5087680900145666,0.007208241798247497,0.36371649282202345
0.2,4.0,0,raw,9,0.1442026270093595,-0.1665108510434099,5.147021734594037,-0.0001259620521843198,0.5199197772191021,2.168041690885799,0.46124574273819846,1.1866089040790893e-07,0.36567238262577534
0.2,4.0,0,raw,10,-0.2523545972663792,-0.02081385638042621,5.145677872466416,-0.0434418685841995,0.51985771673767,2.2653673263673855,0.4414295149226608,0.015156691840464875,0.39545307143045894
0.2,4.0,0,raw,11,-0.21630394051403923,-0.04162771276085253,5.147376441087658,0.002858217999507969,0.5206594926129264,2.3774728013132576,0.4206146961797521,5.379635130469617e-05,0.3736233153067598
0.2,4.0,0,raw,12,-0.2523545972663792,0.02081385638042632,5.14568083614509,-0.04516075583106109,0.519842788437298,2.2052232282204702,0.45346883127426574,0.016822488597731885,0.41340769023106666
0.2,4.0,0,raw,13,-0.21630394051403923,0.0,5.144627763799344,0.02362499790397463,0.5292851652193965,2.170805537401184,0.46065848956565986,0.005082422767511169,0.32951752793826183
0.2,4.0,0,raw,14,-0.21630394051403923,0.04162771276085242,5.147285144449704,0.0015024015617280991,0.5195837738285636,2.022297609025029,0.4944870604293057,1.760705614393725e-05,0.3735110130547134
0.5,0.5,0,raw,0,0.07210131350467973,0.20813856380426227,5.147068562018063,0.0012798121389270486,0.5199186403998483,2.160933475652862,0.4627629731627345,1.2232576071971823e-05,0.43222012034895513
0.5,0.5,0,raw,1,0.10815197025701961,0.18732470742383606,5.144408487097705,-0.008533825831208507,0.5292631038427693,2.4607661994231207,0.4063774934142182,0.0005913307454758958,0.6510731927025165
0.5,0.5,0,raw,2,0.14420262700935949,0.16651085104340982,5.147184635464241,0.0023193317508343274,0.5198165912370559,3.066630852563814,0.32609076477658333,2.797286545194286e-05,0.8556566997330376
0.5,0.5,0,raw,3,0.1081519702570196,0.22895242018468848,5.145607021581596,0.020355732276406392,0.5191554241865939,2.756130898189556,0.36282746971737767,0.002745476257162767,0.6650123709116271
0.5,0.5,0,raw,4,0.14420262700935949,0.20813856380426224,5.14564473400505,0.026715871630664557,0.5189042758364556,3.3462037826020428,0.2988461148718174,0.003882861754142955,0.9785283274186968
0.5,0.5,0,raw,5,0.07210131350467978,-0.20813856380426232,5.146844912315772,0.0005797263311832068,0.5205325849982075,1.9839054704102395,0.5040562743109006,2.7978107399450544e-06,0.4054425790179778
0.5,0.5,0,raw,6,0.10815197025701967,-0.22895242018468864,5.145283064283133,0.020767649695250218,0.5201991268486323,1.528228983750197,0.6543522015568964,0.005278733183197507,0.2827904349292142
0.5,0.5,0,raw,7,0.10815197025701966,-0.1873247074238361,5.144121377789962,-0.010719092181551456,0.5293336940278256,1.6775153339068318,0.5961197372014838,0.0013861851300851318,0.24199390119516728
0.5,0.5,0,raw,8,0.1442026270093595,-0.20813856380426232,5.14534716925702,0.02758948382352358,0.5198300769023786,1.5088906877246846,0.6627385324432873,0.009389699717075678,0.23648735992519124
0.5,0.5,0,raw,9,0.1442026270093595,-0.1665108510434099,5.147021734594037,-0.0001259620521843198,0.5199197772191021,1.9165376942630903,0.521774240597183,1.3423255814485539e-07,0.2909363574648526
0.5,0.5,0,raw,10,-0.2523545972663792,-0.02081385638042621,5.145677872466416,-0.0434418685841995,0.51985771673767,3.4781745339327856,0.28750713635675323,0.009871693940667498,1.0728316810056782
0.5,0.5,0,raw,11,-0.21630394051403923,-0.04162771276085253,5.147376441087658,0.002858217999507969,0.5206594926129264,3.3959046126419503,0.29447234656630084,3.766282526331174e-05,0.9364730798217482
0.5,0.5,0,raw,12,-0.2523545972663792,0.02081385638042632,5.14568083614509,-0.04516075583106109,0.519842788437298,2.8233686962416065,0.3541868270095838,0.013139390070299836,0.8339398170188174
0.5,0.5,0,raw,13,-0.21630394051403923,0.0,5.144627763799344,0.02362499790397463,0.5292851652193965,2.6962366939549147,0.3708873194412217,0.00409198180258561,0.8289754437192698
0.5,0.5,0,raw,14,-0.21630394051403923,0.04162771276085242,5.147285144449704,0.0015024015617280991,0.5195837738285636,2.4037212037386277,0.4160216244898327,1.4813160314296374e-05,0.7155445036939289
0.5,4.0,0,raw,0,0.07210131350467973,0.20813856380426227,5.147068562018063,0.0012798121389270486,0.5199186403998483,2.58162092195508,0.38735353881571927,1.0239219438683358e-05,0.4311497339755135
0.5,4.0,0,raw,1,0.10815197025701961,0.18732470742383606,5.144408487097705,-0.008533825831208507,0.5292631038427693,2.7466802909560744,0.3640758639775714,0.0005297765145575989,0.5354774994620926
0.5,4.0,0,raw,2,0.14420262700935949,0.16651085104340982,5.147184635464241,0.0023193317508343274,0.5198165912370559,3.004682652728823,0.33281384943991005,2.8549588140909866e-05,0.7051156647818598
0.5,4.0,0,raw,3,0.1081519702570196,0.22895242018468848,5.145607021581596,0.020355732276406392,0.5191554241865939,2.438272548359147,0.41012642359155344,0.0031033823301272498,0.4458197771379268
0.5,4.0,0,raw,4,0.14420262700935949,0.20813856380426224,5.14564473400505,0.026715871630664557,0.5189042758364556,2.533180176506831,0.394760708012079,0.005129065358055442,0.5473583150069847
0.5,4.0,0,raw,5,0.07210131350467978,-0.20813856380426232,5.146844912315772,0.0005797263311832068,0.5205325849982075,2.0222715620869565,0.49449342944229197,2.7447312894126732e-06,0.16712639602713342
0.5,4.0,0,raw,6,0.10815197025701967,-0.22895242018468864,5.145283064283133,0.020767649695250218,0.5201991268486323,1.8225429199169092,0.5486839234741262,0.0044262952383113995,0.14544904200915687
0.5,4.0,0,raw,7,0.10815197025701966,-0.1873247074238361,5.144121377789962,-0.010719092181551456,0.5293336940278256,2.024324211175987,0.4939920169304658,0.0011487027614023278,0.20869135926931073
0.5,4.0,0,raw,8,0.1442026270093595,-0.20813856380426232,5.14534716925702,0.02758948382352358,0.5198300769023786,1.9453103782956918,0.5140567855686409,0.007283172197970467,0.18117972752768288
0.5,4.0,0,raw,9,0.1442026270093595,-0.1665108510434099,5.147021734594037,-0.0001259620521843198,0.5199197772191021,2.0875149496017356,0.4790384855403234,1.232382826916084e-07,0.298759919794055
0.5,4.0,0,raw,10,-0.2523545972663792,-0.02081385638042621,5.145677872466416,-0.0434418685841995,0.51985771673767,2.465895636071316,0.40553216663832853,0.01392413935486411,0.6186353323415714
0.5,4.0,0,raw,11,-0.21630394051403923,-0.04162771276085253,5.147376441087658,0.002858217999507969,0.5206594926129264,2.4527696820655196,0.40770236492726164,5.2144872375094696e-05,0.633682727369877
0.5,4.0,0,raw,12,-0.2523545972663792,0.02081385638042632,5.14568083614509,-0.04516075583106109,0.519842788437298,2.585350285569038,0.38679478196119915,0.014349058547022847,0.551762678008521
0.5,4.0,0,raw,13,-0.21630394051403923,0.0,5.144627763799344,0.02362499790397463,0.5292851652193965,2.438704568228903,0.4100537691313077,0.0045241033419393326,0.5857564996842831
0.5,4.0,0,raw,14,-0.21630394051403923,0.04162771276085242,5.147285144449704,0.0015024015617280991,0.5195837738285636,2.4478146110677708,0.40852767014238306,1.4546325273514733e-05,0.44796057228925723
1.0,0.5,0,raw,0,0.07210131350467973,0.20813856380426227,5.147068562018063,0.0012798121389270486,0.5199186403998483,2.206693014824442,0.45316679451199376,1.1978912766666413e-05,0.4667241153302131
1.0,0.5,0,raw,1,0.10815197025701961,0.18732470742383606,5.144408487097705,-0.008533825831208507,0.5292631038427693,2.008350314767645,0.49792110103843834,0.0007245382941646368,0.40458825575589463
1.0,0.5,0,raw,2,0.14420262700935949,0.16651085104340982,5.147184635464241,0.0023193317508343274,0.5198165912370559,2.180778226054626,0.4585519004420541,3.9335706494437295e-05,0.4314406828380333
1.0,0.5,0,raw,3,0.1081519702570196,0.22895242018468848,5.145607021581596,0.020355732276406392,0.5191554241865939,2.1970062070629908,0.4551648496873495,0.0034441832336594602,0.457155425728538
1.0,0.5,0,raw,4,0.14420262700935949,0.20813856380426224,5.14564473400505,0.026715871630664557,0.5189042758364556,2.359263834255718,0.42386103049618107,0.005507161386692828,0.4976937871746949
1.0,0.5,0,raw,5,0.07210131350467978,-0.20813856380426232,5.146844912315772,0.0005797263311832068,0.5205325849982075,1.9984455650206425,0.5003889110132809,2.777454702446288e-06,0.4060798960570001
1.0,0.5,0,raw,6,0.10815197025701967,-0.22895242018468864,5.145283064283133,0.020767649695250218,0.5201991268486323,1.6417173442020614,0.6091182526222496,0.004913825803532155,0.23659585451133372
1.0,0.5,0,raw,7,0.10815197025701966,-0.1873247074238361,5.144121377789962,-0.010719092181551456,0.5293336940278256,1.9896972224326874,0.5025890314996561,0.001168693801817936,0.4144264458031845
1.0,0.5,0,raw,8,0.1442026270093595,-0.20813856380426232,5.14534716925702,0.02758948382352358,0.5198300769023786,1.7858431333382307,0.5599595963004464,0.007933524618784774,0.3646027884763441
1.0,0.5,0,raw,9,0.1442026270093595,-0.1665108510434099,5.147021734594037,-0.0001259620521843198,0.5199197772191021,2.2999207324077866,0.4347975936340642,1.1185679308723395e-07,0.5337053566386589
1.0,0.5,0,raw,10,-0.2523545972663792,-0.02081385638042621,5.145677872466416,-0.0434418685841995,0.51985771673767,1.958982649126691,0.5104690439426798,0.017527196826635977,0.51282342173341
1.0,0.5,0,raw,11,-0.21630394051403923,-0.04162771276085253,5.147376441087658,0.002858217999507969,0.5206594926129264,1.889095364705772,0.529353900646382,6.770402618436816e-05,0.48323591962879975
1.0,0.5,0,raw,12,-0.2523545972663792,0.02081385638042632,5.14568083614509,-0.04516075583106109,0.519842788437298,1.6854001581645077,0.5933309043290077,0.022010999840295125,0.35118938823572066
1.0,0.5,0,raw,13,-0.21630394051403923,0.0,5.144627763799344,0.02362499790397463,0.5292851652193965,1.494091960415281,0.6693028451354837,0.007384385820575931,0.3992286021370591
1.0,0.5,0,raw,14,-0.21630394051403923,0.04162771276085242,5.147285144449704,0.0015024015617280991,0.5195837738285636,1.5818300032595698,0.6321791835654703,2.2509819303263577e-05,0.31893468930275154
1.0,4.0,0,raw,0,0.07210131350467973,0.20813856380426227,5.147068562018063,0.0012798121389270486,0.5199186403998483,1.8965576225292167,0.5272710874275558,1.3937769574405267e-05,0.3166061285449986
1.0,4.0,0,raw,1,0.10815197025701961,0.18732470742383606,5.144408487097705,-0.008533825831208507,0.5292631038427693,1.950461343117036,0.5126992152543245,0.0007460423229005503,0.39783423641803894
1.0,4.0,0,raw,2,0.14420262700935949,0.16651085104340982,5.147184635464241,0.0023193317508343274,0.5198165912370559,2.3360844163896166,0.42806672266813245,3.6720613188336696e-05,0.6654003401650216
1.0,4.0,0,raw,3,0.1081519702570196,0.22895242018468848,5.145607021581596,0.020355732276406392,0.5191554241865939,2.073010467625646,0.4823902317991502,0.003650194758195781,0.44369483463259773
1.0,4.0,0,raw,4,0.14420262700935949,0.20813856380426224,5.14564473400505,0.026715871630664557,0.5189042758364556,2.3610833640645175,0.42353438900968626,0.005502917383936523,0.7208425464864031
1.0,4.0,0,raw,5,0.07210131350467978,-0.20813856380426232,5.146844912315772,0.0005797263311832068,0.5205325849982075,1.9656865767523157,0.5087281013294542,2.8237421457698183e-06,0.39107265903575383
1.0,4.0,0,raw,6,0.10815197025701967,-0.22895242018468864,5.145283064283133,0.020767649695250218,0.5201991268486323,1.8220896228572567,0.5488204243388858,0.004427396406218571,0.36964076032196924
1.0,4.0,0,raw,7,0.10815197025701966,-0.1873247074238361,5.144121377789962,-0.010719092181551456,0.5293336940278256,1.8717618238657465,0.5342560080292169,0.0012423305047160917,0.3085209428337764
1.0,4.0,0,raw,8,0.1442026270093595,-0.20813856380426232,5.14534716925702,0.02758948382352358,0.5198300769023786,1.7684407667583122,0.5654698866918098,0.00801159458091304,0.24002091109516743
1.0,4.0,0,raw,9,0.1442026270093595,-0.1665108510434099,5.147021734594037,-0.0001259620521843198,0.5199197772191021,1.8200304918543253,0.5494413442387753,1.4135024585212747e-07,0.25327686118668824
1.0,4.0,0,raw,10,-0.2523545972663792,-0.02081385638042621,5.145677872466416,-0.0434418685841995,0.51985771673767,2.3436198142316504,0.4266903675790296,0.014650616223120248,0.5862986949378673
1.0,4.0,0,raw,11,-0.21630394051403923,-0.04162771276085253,5.147376441087658,0.002858217999507969,0.5206594926129264,2.1949878350385843,0.4555833905031285,5.8268824999916166e-05,0.40606966818504
1.0,4.0,0,raw,12,-0.2523545972663792,0.02081385638042632,5.14568083614509,-0.04516075583106109,0.519842788437298,2.38237538854286,0.4197491313959692,0.015571577338566418,0.5864874802497329
1.0,4.0,0,raw,13,-0.21630394051403923,0.0,5.144627763799344,0.02362499790397463,0.5292851652193965,2.1079380090711104,0.47439725252673,0.005234001872753794,0.43879206971459456
1.0,4.0,0,raw,14,-0.21630394051403923,0.04162771276085242,5.147285144449704,0.0015024015617280991,0.5195837738285636,2.194137420408749,0.45575996776615224,1.6228111881534078e-05,0.4926337035525271
2.0,0.5,0,raw,0,0.07210131350467973,0.20813856380426227,5.147068562018063,0.0012798121389270486,0.5199186403998483,2.547295977460732,0.39257314770184204,1.0377193447988947e-05,0.5074583957028267
2.0,0.5,0,raw,1,0.10815197025701961,0.18732470742383606,5.144408487097705,-0.008533825831208507,0.5292631038427693,2.3700484034603977,0.4219323109772553,0.0006139649759988858,0.45308762039894557
2.0,0.5,0,raw,2,0.14420262700935949,0.16651085104340982,5.147184635464241,0.0023193317508343274,0.5198165912370559,2.620780866276557,0.3815656672664655,3.2731638624719807e-05,0.6077742206651378
2.0,0.5,0,raw,3,0.1081519702570196,0.22895242018468848,5.145607021581596,0.020355732276406392,0.5191554241865939,2.6577481700762697,0.3762583721283506,0.002847106444398368,0.5076288480132283
2.0,0.5,0,raw,4,0.14420262700935949,0.20813856380426224,5.14564473400505,0.026715871630664557,0.5189042758364556,2.6333566460687448,0.3797434735978009,0.0049339487336174425,0.5156984340311563
2.0,0.5,0,raw,5,0.07210131350467978,-0.20813856380426232,5.146844912315772,0.0005797263311832068,0.5205325849982075,2.746423177245928,0.36410994790787665,2.0210257756838345e-06,0.6692117563337716
2.0,0.5,0,raw,6,0.10815197025701967,-0.22895242018468864,5.145283064283133,0.020767649695250218,0.5201991268486323,1.900280325711151,0.5262381483772745,0.0042452226331540725,0.35664221429004084
2.0,0.5,0,raw,7,0.10815197025701966,-0.1873247074238361,5.144121377789962,-0.010719092181551456,0.5293336940278256,2.2625842127746356,0.4419724995666293,0.0010277393425722895,0.42948678090556386
2.0,0.5,0,raw,8,0.1442026270093595,-0.20813856380426232,5.14534716925702,0.02758948382352358,0.5198300769023786,1.8247184732438682,0.548029745225445,0.007764502125327626,0.33648290574403944
2.0,0.5,0,raw,9,0.1442026270093595,-0.1665108510434099,5.147021734594037,-0.0001259620521843198,0.5199197772191021,2.110464357972212,0.47382937135258013,1.2189817682074525e-07,0.345021722317854
2.0,0.5,0,raw,10,-0.2523545972663792,-0.02081385638042621,5.145677872466416,-0.0434418685841995,0.51985771673767,1.6456027902678085,0.6076800585864698,0.020864983138258082,0.2689615971693746
2.0,0.5,0,raw,11,-0.21630394051403923,-0.04162771276085253,5.147376441087658,0.002858217999507969,0.5206594926129264,1.9980978383749177,0.5004759931141883,6.401056023404266e-05,0.39311987763229533
2.0,0.5,0,raw,12,-0.2523545972663792,0.02081385638042632,5.14568083614509,-0.04516075583106109,0.519842788437298,1.4792158408378568,0.6760338636135619,0.025079059855916425,0.24794896918730208
2.0,0.5,0,raw,13,-0.21630394051403923,0.0,5.144627763799344,0.02362499790397463,0.5292851652193965,1.3847820632579466,0.7221352922836982,0.007967283646908388,0.26225832898785856
2.0,0.5,0,raw,14,-0.21630394051403923,0.04162771276085242,5.147285144449704,0.0015024015617280991,0.5195837738285636,1.400094608261805,0.7142374480260901,2.543164392730496e-05,0.2888415402474451
2.0,4.0,0,raw,0,0.07210131350467973,0.20813856380426227,5.147068562018063,0.0012798121389270486,0.5199186403998483,2.2859277395083963,0.43745914742478104,1.1563700230121387e-05,0.33915198419535564
2.0,4.0,0,raw,1,0.10815197025701961,0.18732470742383606,5.144408487097705,-0.008533825831208507,0.5292631038427693,2.098014246377357,0.47664118664909016,0.00069357332232578,0.2907105804192283
2.0,4.0,0,raw,2,0.14420262700935949,0.16651085104340982,5.147184635464241,0.0023193317508343274,0.5198165912370559,2.1349753103863693,0.4683894915014397,4.0179599179542844e-05,0.2634273609677192
2.0,4.0,0,raw,3,0.1081519702570196,0.22895242018468848,5.145607021581596,0.020355732276406392,0.5191554241865939,2.3127815751284317,0.43237978491093293,0.0032717711105908986,0.39630167451487797
2.0,4.0,0,raw,4,0.14420262700935949,0.20813856380426224,5.14564473400505,0.026715871630664557,0.5189042758364556,2.1932121065668655,0.45595225240906834,0.00592411771307074,0.3471069793741747
2.0,4.0,0,raw,5,0.07210131350467978,-0.20813856380426232,5.146844912315772,0.0005797263311832068,0.5205325849982075,2.113016948274213,0.4732569707104057,2.6268563707843933e-06,0.3835707254458922
2.0,4.0,0,raw,6,0.10815197025701967,-0.22895242018468864,5.145283064283133,0.020767649695250218,0.5201991268486323,1.8950666996652514,0.5276859121510826,0.004256901907184249,0.3932990470217856
2.0,4.0,0,raw,7,0.10815197025701966,-0.1873247074238361,5.144121377789962,-0.010719092181551456,0.5293336940278256,1.9755615616132802,0.5061851877616922,0.0011770561123149834,0.342271325328571
2.0,4.0,0,raw,8,0.1442026270093595,-0.20813856380426232,5.14534716925702,0.02758948382352358,0.5198300769023786,1.8740019347598678,0.533617378643816,0.007560307276546152,0.3570033623340231
2.0,4.0,0,raw,9,0.1442026270093595,-0.1665108510434099,5.147021734594037,-0.0001259620521843198,0.5199197772191021,2.0989894929078297,0.4764197264344819,1.2256457612161766e-07,0.3385994594923873
2.0,4.0,0,raw,10,-0.2523545972663792,-0.02081385638042621,5.145677872466416,-0.0434418685841995,0.51985771673767,2.1722432328265584,0.46035360354134175,0.015806459402122476,0.37761290490797483
2.0,4.0,0,raw,11,-0.21630394051403923,-0.04162771276085253,5.147376441087658,0.002858217999507969,0.5206594926129264,2.239463217088977,0.4465355770834563,5.711161543571201e-05,0.44339576631913197
2.0,4.0,0,raw,12,-0.2523545972663792,0.02081385638042632,5.14568083614509,-0.04516075583106109,0.519842788437298,2.091102990515368,0.4782165223500266,0.01774056217243008,0.36460025566744403
2.0,4.0,0,raw,13,-0.21630394051403923,0.0,5.144627763799344,0.02362499790397463,0.5292851652193965,2.0856700451307053,0.47946222478221945,0.005289883465932254,0.38672854098843384
2.0,4.0,0,raw,14,-0.21630394051403923,0.04162771276085242,5.147285144449704,0.0015024015617280991,0.5195837738285636,2.068633778157176,0.48341084369744797,1.7212668534095806e-05,0.38395178581939005
3.0,0.5,0,raw,0,0.07210131350467973,0.20813856380426227,5.147068562018063,0.0012798121389270486,0.5199186403998483,2.108032344547359,0.4743760230181487,1.2539552913297456e-05,0.5182479550604577
3.0,0.5,0,raw,1,0.10815197025701961,0.18732470742383606,5.144408487097705,-0.008533825831208507,0.5292631038427693,2.2807685176635593,0.43844870369589695,0.0006379984202155712,0.512664629026309
3.0,0.5,0,raw,2,0.14420262700935949,0.16651085104340982,5.147184635464241,0.0023193317508343274,0.5198165912370559,2.883509595148828,0.34679960894958856,2.9749320887942756e-05,0.697644922501755
3.0,0.5,0,raw,3,0.1081519702570196,0.22895242018468848,5.145607021581596,0.020355732276406392,0.5191554241865939,2.418252151396787,0.41352180723685,0.0031290748312749216,0.6128011901670376
3.0,0.5,0,raw,4,0.14420262700935949,0.20813856380426224,5.14564473400505,0.026715871630664557,0.5189042758364556,2.6284614118116414,0.3804507060694339,0.004943137696694876,0.6324899803144691
3.0,0.5,0,raw,5,0.07210131350467978,-0.20813856380426232,5.146844912315772,0.0005797263311832068,0.5205325849982075,2.23783872842935,0.44685972554503967,2.4803360320988153e-06,0.43513971873884194
3.0,0.5,0,raw,6,0.10815197025701967,-0.22895242018468864,5.145283064283133,0.020767649695250218,0.5201991268486323,1.8158184987790613,0.5507158345794969,0.004442686894902006,0.44853628345960295
3.0,0.5,0,raw,7,0.10815197025701966,-0.1873247074238361,5.144121377789962,-0.010719092181551456,0.5293336940278256,1.7655951273573294,0.566381264031216,0.001317032866324189,0.3827992800163429
3.0,0.5,0,raw,8,0.1442026270093595,-0.20813856380426232,5.14534716925702,0.02758948382352358,0.5198300769023786,1.5477540544249146,0.6460974837320398,0.00915392883198803,0.39574202699663863
3.0,0.5,0,raw,9,0.1442026270093595,-0.1665108510434099,5.147021734594037,-0.0001259620521843198,0.5199197772191021,1.8350273339982568,0.5449510105231762,1.4019505470877184e-07,0.3919706531344219
3.0,0.5,0,raw,10,-0.2523545972663792,-0.02081385638042621,5.145677872466416,-0.0434418685841995,0.51985771673767,2.106017937058812,0.4748297639841395,0.016303505239447274,0.538289909440617
3.0,0.5,0,raw,11,-0.21630394051403923,-0.04162771276085253,5.147376441087658,0.002858217999507969,0.5206594926129264,2.0207469594160026,0.494866512276728,6.329311121357378e-05,0.4493963547304812
3.0,0.5,0,raw,12,-0.2523545972663792,0.02081385638042632,5.14568083614509,-0.04516075583106109,0.519842788437298,2.0917370289077506,0.47807156740069445,0.017735184729011373,0.4934717644256801
3.0,0.5,0,raw,13,-0.21630394051403923,0.0,5.144627763799344,0.02362499790397463,0.5292851652193965,1.7270402578883195,0.5790252980105492,0.0063883580227696996,0.3487440229622988
3.0,0.5,0,raw,14,-0.21630394051403923,0.04162771276085242,5.147285144449704,0.0015024015617280991,0.5195837738285636,2.1142294429405353,0.472985561401117,1.6841458556329085e-05,0.43773508805543465
3.0,4.0,0,raw,0,0.07210131350467973,0.20813856380426227,5.147068562018063,0.0012798121389270486,0.5199186403998483,1.8767275620973707,0.5328423902308079,1.4085040184443477e-05,0.27289320553514396
3.0,4.0,0,raw,1,0.10815197025701961,0.18732470742383606,5.144408487097705,-0.008533825831208507,0.5292631038427693,1.8727373531345788,0.5339777082601598,0.0007770052264462909,0.26414859612371744
3.0,4.0,0,raw,2,0.14420262700935949,0.16651085104340982,5.147184635464241,0.0023193317508343274,0.5198165912370559,2.1342144887559167,0.46855646668527834,4.0193922720273994e-05,0.34372029515540936
3.0,4.0,0,raw,3,0.1081519702570196,0.22895242018468848,5.145607021581596,0.020355732276406392,0.5191554241865939,2.0184096984543722,0.4954395536078553,0.003748937566246624,0.34350215200098366
3.0,4.0,0,raw,4,0.14420262700935949,0.20813856380426224,5.14564473400505,0.026715871630664557,0.5189042758364556,2.2457141179862177,0.4452926541231893,0.005785619186775624,0.3985091100787335
3.0,4.0,0,raw,5,0.07210131350467978,-0.20813856380426232,5.146844912315772,0.0005797263311832068,0.5205325849982075,2.095151466899195,0.4772924610935127,2.649255731550683e-06,0.2876889373302127
3.0,4.0,0,raw,6,0.10815197025701967,-0.22895242018468864,5.145283064283133,0.020767649695250218,0.5201991268486323,1.876243904592663,0.5329797461578442,0.0042996078645743865,0.322677629494188
3.0,4.0,0,raw,7,0.10815197025701966,-0.1873247074238361,5.144121377789962,-0.010719092181551456,0.5293336940278256,2.069414776281303,0.4832284042143451,0.0011236736288942747,0.36346827925784614
3.0,4.0,0,raw,8,0.1442026270093595,-0.20813856380426232,5.14534716925702,0.02758948382352358,0.5198300769023786,2.0775783789577638,0.48132961438579236,0.006819492639663548,0.4060229368924996
3.0,4.0,0,raw,9,0.1442026270093595,-0.1665108510434099,5.147021734594037,-0.0001259620521843198,0.5199197772191021,2.398096273923445,0.4169974370394786,1.0727749351825646e-07,0.46671453245261063
3.0,4.0,0,raw,10,-0.2523545972663792,-0.02081385638042621,5.145677872466416,-0.0434418685841995,0.51985771673767,2.523164459635287,0.3963277130752491,0.013608100074527575,0.45229856099302895
3.0,4.0,0,raw,11,-0.21630394051403923,-0.04162771276085253,5.147376441087658,0.002858217999507969,0.5206594926129264,2.3827297885019765,0.41968669919080526,5.3677661081837785e-05,0.3874179506741048
3.0,4.0,0,raw,12,-0.2523545972663792,0.02081385638042632,5.14568083614509,-0.04516075583106109,0.519842788437298,2.5731416605049944,0.38862998308602414,0.014417139631912759,0.48671653495790795
3.0,4.0,0,raw,13,-0.21630394051403923,0.0,5.144627763799344,0.02362499790397463,0.5292851652193965,2.299259824675231,0.43492257345959123,0.004798479653636141,0.41467046679974123
3.0,4.0,0,raw,14,-0.21630394051403923,0.04162771276085242,5.147285144449704,0.0015024015617280991,0.5195837738285636,2.343787924554907,0.4266597628238499,1.5191949394745507e-05,0.4484512726358138
4.0,0.5,0,raw,0,0.07210131350467973,0.20813856380426227,5.147068562018063,0.0012798121389270486,0.5199186403998483,2.3457672137147942,0.4262997599051545,1.1268715400593032e-05,0.39695508239244925
4.0,0.5,0,raw,1,0.10815197025701961,0.18732470742383606,5.144408487097705,-0.008533825831208507,0.5292631038427693,2.4524036931282494,0.4077632091331648,0.0005933471374325908,0.41276314571232753
4.0,0.5,0,raw,2,0.14420262700935949,0.16651085104340982,5.147184635464241,0.0023193317508343274,0.5198165912370559,2.9431858307631664,0.33976787654644985,2.914612163897957e-05,0.5542688747445568
4.0,0.5,0,raw,3,0.1081519702570196,0.22895242018468848,5.145607021581596,0.020355732276406392,0.5191554241865939,2.830468583811976,0.3532983922588659,0.0026733707577214273,0.5294761815228907
4.0,0.5,0,raw,4,0.14420262700935949,0.20813856380426224,5.14564473400505,0.026715871630664557,0.5189042758364556,3.052695929563197,0.3275793014023141,0.0042561876416211146,0.6105467850746606
4.0,0.5,0,raw,5,0.07210131350467978,-0.20813856380426232,5.146844912315772,0.0005797263311832068,0.5205325849982075,2.643801762219199,0.3782431853591788,2.099473610869509e-06,0.4066115091872785
4.0,0.5,0,raw,6,0.10815197025701967,-0.22895242018468864,5.145283064283133,0.020767649695250218,0.5201991268486323,2.059321719904456,0.48559678185999805,0.003917364135032117,0.3403775690412329
4.0,0.5,0,raw,7,0.10815197025701966,-0.1873247074238361,5.144121377789962,-0.010719092181551456,0.5293336940278256,2.1562083069400617,0.46377708349483604,0.0010784425622825898,0.35830198493209736
4.0,0.5,0,raw,8,0.1442026270093595,-0.20813856380426232,5.14534716925702,0.02758948382352358,0.5198300769023786,1.7612909959622198,0.5677653506958882,0.008044116784850982,0.3310903214522802
4.0,0.5,0,raw,9,0.1442026270093595,-0.1665108510434099,5.147021734594037,-0.0001259620521843198,0.5199197772191021,1.9891396045955472,0.5027299228720201,1.293331834968348e-07,0.35981281713112223
4.0,0.5,0,raw,10,-0.2523545972663792,-0.02081385638042621,5.145677872466416,-0.0434418685841995,0.51985771673767,2.456128965883966,0.40714474438849263,0.013979507977037708,0.5027404275484392
4.0,0.5,0,raw,11,-0.21630394051403923,-0.04162771276085253,5.147376441087658,0.002858217999507969,0.5206594926129264,2.4863171367252237,0.40220130619262806,5.144129047240805e-05,0.49361007704065585
4.0,0.5,0,raw,12,-0.2523545972663792,0.02081385638042632,5.14568083614509,-0.04516075583106109,0.519842788437298,2.256231926810363,0.44321684668902844,0.016442167213118423,0.4443704723728281
4.0,0.5,0,raw,13,-0.21630394051403923,0.0,5.144627763799344,0.02362499790397463,0.5292851652193965,2.135782378027515,0.4682124968759889,0.005165765763699433,0.35860479827772357
4.0,0.5,0,raw,14,-0.21630394051403923,0.04162771276085242,5.147285144449704,0.0015024015617280991,0.5195837738285636,2.2073554203073837,0.45303080364862386,1.613093533296752e-05,0.3406662508887929
4.0,4.0,0,raw,0,0.07210131350467973,0.20813856380426227,5.147068562018063,0.0012798121389270486,0.5199186403998483,2.007313864665032,0.49817819604751934,1.316873439311655e-05,0.3610951139846135
4.0,4.0,0,raw,1,0.10815197025701961,0.18732470742383606,5.144408487097705,-0.008533825831208507,0.5292631038427693,2.2154756753251443,0.45137033601293747,0.0006568010325517141,0.3660917269112087
4.0,4.0,0,raw,2,0.14420262700935949,0.16651085104340982,5.147184635464241,0.0023193317508343274,0.5198165912370559,2.6328203984008076,0.3798208189998097,3.25819612616376e-05,0.39642279696681937
4.0,4.0,0,raw,3,0.1081519702570196,0.22895242018468848,5.145607021581596,0.020355732276406392,0.5191554241865939,2.1141243755777066,0.47300906775020723,0.0035792085035415123,0.2787382090212199
4.0,4.0,0,raw,4,0.14420262700935949,0.20813856380426224,5.14564473400505,0.026715871630664557,0.5189042758364556,2.314000262170344,0.4321520685836402,0.005614885573456126,0.28945185090424674
4.0,4.0,0,raw,5,0.07210131350467978,-0.20813856380426232,5.146844912315772,0.0005797263311832068,0.5205325849982075,2.457473891586985,0.4069219223135758,2.258657579700697e-06,0.3688830024633678
4.0,4.0,0,raw,6,0.10815197025701967,-0.22895242018468864,5.145283064283133,0.020767649695250218,0.5201991268486323,1.9025830694151682,0.5256012292316825,0.004240084534404117,0.2658172677758106
4.0,4.0,0,raw,7,0.10815197025701966,-0.1873247074238361,5.144121377789962,-0.010719092181551456,0.5293336940278256,2.129041761409312,0.4696948731236034,0.0010922034755260928,0.3518133849572893
4.0,4.0,0,raw,8,0.1442026270093595,-0.20813856380426232,5.14534716925702,0.02758948382352358,0.5198300769023786,1.7612258969318837,0.5677863366317941,0.008044414114230203,0.2565914693120443
4.0,4.0,0,raw,9,0.1442026270093595,-0.1665108510434099,5.147021734594037,-0.0001259620521843198,0.5199197772191021,2.0478129922115493,0.48832584020284164,1.2562756387444626e-07,0.30917669855670066
4.0,4.0,0,raw,10,-0.2523545972663792,-0.02081385638042621,5.145677872466416,-0.0434418685841995,0.51985771673767,2.012446089550234,0.4969077210030964,0.0170615623690481,0.16838262261982223
4.0,4.0,0,raw,11,-0.21630394051403923,-0.04162771276085253,5.147376441087658,0.002858217999507969,0.5206594926129264,1.9479726144461453,0.5133542394713406,6.565767972727529e-05,0.20834333575365563
4.0,4.0,0,raw,12,-0.2523545972663792,0.02081385638042632,5.14568083614509,-0.04516075583106109,0.519842788437298,2.1156099594012687,0.47267692022163027,0.017535057654337733,0.1862370835295261
4.0,4.0,0,raw,13,-0.21630394051403923,0.0,5.144627763799344,0.02362499790397463,0.5292851652193965,1.9290421955955273,0.5183919783005491,0.005719393547905799,0.23541443586309846
4.0,4.0,0,raw,14,-0.21630394051403923,0.04162771276085242,5.147285144449704,0.0015024015617280991,0.5195837738285636,2.0937856465906317,0.47760380898031624,1.7005899147237504e-05,0.2607699679757189
5.0,0.5,0,raw,0,0.07210131350467973,0.20813856380426227,5.147068562018063,0.0012798121389270486,0.5199186403998483,2.0128879037659915,0.49679865338206886,1.3132267861483044e-05,0.24986824542660943
5.0,0.5,0,raw,1,0.10815197025701961,0.18732470742383606,5.144408487097705,-0.008533825831208507,0.5292631038427693,2.0382363825921233,0.4906202286156093,0.0007139145996875035,0.25993299238441153
5.0,0.5,0,raw,2,0.14420262700935949,0.16651085104340982,5.147184635464241,0.0023193317508343274,0.5198165912370559,2.457447361351979,0.4069263153819271,3.490713721019467e-05,0.3184940693694933
5.0,0.5,0,raw,3,0.1081519702570196,0.22895242018468848,5.145607021581596,0.020355732276406392,0.5191554241865939,2.0316032209469777,0.4922220981387678,0.0037245914283818727,0.23776794355852807
5.0,0.5,0,raw,4,0.14420262700935949,0.20813856380426224,5.14564473400505,0.026715871630664557,0.5189042758364556,2.2430906776944513,0.4458134528149547,0.005792385844333581,0.2509765038964567
5.0,0.5,0,raw,5,0.07210131350467978,-0.20813856380426232,5.146844912315772,0.0005797263311832068,0.5205325849982075,1.9637529993565401,0.5092290121658215,2.826522497466976e-06,0.19429725869867703
5.0,0.5,0,raw,6,0.10815197025701967,-0.22895242018468864,5.145283064283133,0.020767649695250218,0.5201991268486323,1.3730029912070285,0.7283305327112829,0.005875524743725754,0.17806129764057294
5.0,0.5,0,raw,7,0.10815197025701966,-0.1873247074238361,5.144121377789962,-0.010719092181551456,0.5293336940278256,1.659998492727638,0.6024101855398935,0.0014008126040708237,0.21749557360649205
5.0,0.5,0,raw,8,0.1442026270093595,-0.20813856380426232,5.14534716925702,0.02758948382352358,0.5198300769023786,1.3278548821226959,0.7530943429611899,0.010669863593058994,0.2559064091270847
5.0,0.5,0,raw,9,0.1442026270093595,-0.1665108510434099,5.147021734594037,-0.0001259620521843198,0.5199197772191021,1.7230238436345542,0.5803750213291277,1.4930829798577149e-07,0.3040429626199826
5.0,0.5,0,raw,10,-0.2523545972663792,-0.02081385638042621,5.145677872466416,-0.0434418685841995,0.51985771673767,1.8366037417549224,0.5444832640079859,0.018695091211346354,0.2377710845981252
5.0,0.5,0,raw,11,-0.21630394051403923,-0.04162771276085253,5.147376441087658,0.002858217999507969,0.5206594926129264,2.0898869220481995,0.4784947881390383,6.119917814092066e-05,0.19993469868341193
5.0,0.5,0,raw,12,-0.2523545972663792,0.02081385638042632,5.14568083614509,-0.04516075583106109,0.519842788437298,1.774852804376096,0.5634270050645267,0.020901644643840183,0.3145767522721989
5.0,0.5,0,raw,13,-0.21630394051403923,0.0,5.144627763799344,0.02362499790397463,0.5292851652193965,1.7063254473213876,0.5860546717918398,0.006465912762683561,0.20280512406982712
5.0,0.5,0,raw,14,-0.21630394051403923,0.04162771276085242,5.147285144449704,0.0015024015617280991,0.5195837738285636,1.8079257868743628,0.553120049097177,1.9694783823738972e-05,0.26316061286699954
5.0,4.0,0,raw,0,0.07210131350467973,0.20813856380426227,5.147068562018063,0.0012798121389270486,0.5199186403998483,2.0469695799533527,0.48852704495139027,1.2913617958111761e-05,0.2802209790550378
5.0,4.0,0,raw,1,0.10815197025701961,0.18732470742383606,5.144408487097705,-0.008533825831208507,0.5292631038427693,1.9232033274798084,0.519965822495957,0.0007566161571972624,0.316638781135882
5.0,4.0,0,raw,2,0.14420262700935949,0.16651085104340982,5.147184635464241,0.0023193317508343274,0.5198165912370559,2.170428771123066,0.4607384556013604,3.952327455793776e-05,0.42860606327193806
5.0,4.0,0,raw,3,0.1081519702570196,0.22895242018468848,5.145607021581596,0.020355732276406392,0.5191554241865939,1.994401913111448,0.5014034500397712,0.0037940657261038616,0.3254173443860135
5.0,4.0,0,raw,4,0.14420262700935949,0.20813856380426224,5.14564473400505,0.026715871630664557,0.5189042758364556,2.07532554779825,0.48185211282197044,0.006260630628682956,0.48480677655513427
5.0,4.0,0,raw,5,0.07210131350467978,-0.20813856380426232,5.146844912315772,0.0005797263311832068,0.5205325849982075,1.8408749369457305,0.5432199547782101,3.0151923526965513e-06,0.25489545973276906
5.0,4.0,0,raw,6,0.10815197025701967,-0.22895242018468864,5.145283064283133,0.020767649695250218,0.5201991268486323,1.5353522801949764,0.6513163219277655,0.005254242399029047,0.2610582958501698
5.0,4.0,0,raw,7,0.10815197025701966,-0.1873247074238361,5.144121377789962,-0.010719092181551456,0.5293336940278256,1.8454069186428592,0.5418859059742853,0.0012600726635735933,0.29849002233195
5.0,4.0,0,raw,8,0.1442026270093595,-0.20813856380426232,5.14534716925702,0.02758948382352358,0.5198300769023786,1.7878112874128598,0.5593431516181437,0.00792479081174677,0.35243120660813454
5.0,4.0,0,raw,9,0.1442026270093595,-0.1665108510434099,5.147021734594037,-0.0001259620521843198,0.5199197772191021,2.220965249602593,0.45025468101265176,1.1583331055180189e-07,0.35848967270791754
5.0,4.0,0,raw,10,-0.2523545972663792,-0.02081385638042621,5.145677872466416,-0.0434418685841995,0.51985771673767,2.2668546624576242,0.4411398827465383,0.015146747182275579,0.5171861045396114
5.0,4.0,0,raw,11,-0.21630394051403923,-0.04162771276085253,5.147376441087658,0.002858217999507969,0.5206594926129264,2.3537169159665714,0.4248599282336986,5.433931377609413e-05,0.3320058535388052
5.0,4.0,0,raw,12,-0.2523545972663792,0.02081385638042632,5.14568083614509,-0.04516075583106109,0.519842788437298,2.23187767482524,0.4480532294756261,0.016621584162356543,0.5393521468590023
5.0,4.0,0,raw,13,-0.21630394051403923,0.0,5.144627763799344,0.02362499790397463,0.5292851652193965,2.064187203799098,0.4844521844528048,0.005344937448900543,0.3454010380709833
5.0,4.0,0,raw,14,-0.21630394051403923,0.04162771276085242,5.147285144449704,0.0015024015617280991,0.5195837738285636,2.05665244011732,0.48622702625581005,1.7312943522835873e-05,0.3683209311289704
6.0,0.5,0,raw,0,0.07210131350467973,0.20813856380426227,5.147068562018063,0.0012798121389270486,0.5199186403998483,1.3085988597463605,0.7641761205521952,2.0200065841810102e-05,0.0317951677313182
6.0,0.5,0,raw,1,0.10815197025701961,0.18732470742383606,5.144408487097705,-0.008533825831208507,0.5292631038427693,0.9569810258113477,1.0449527974205968,0.0015205387274142403,0.03488530066465846
6.0,0.5,0,raw,2,0.14420262700935949,0.16651085104340982,5.147184635464241,0.0023193317508343274,0.5198165912370559,1.5231337664942466,0.6565411535072664,5.6319710137467053e-05,0.037598714678158125
6.0,0.5,0,raw,3,0.1081519702570196,0.22895242018468848,5.145607021581596,0.020355732276406392,0.5191554241865939,0.7902876893331744,1.2653619858912086,0.009574857415527853,0.02245117825895337
6.0,0.5,0,raw,4,0.14420262700935949,0.20813856380426224,5.14564473400505,0.026715871630664557,0.5189042758364556,0.8378438834437038,1.193539774844214,0.015507479311814981,0.028059779579535905
6.0,0.5,0,raw,5,0.07210131350467978,-0.20813856380426232,5.146844912315772,0.0005797263311832068,0.5205325849982075,1.4790427736204115,0.6761129683573606,3.752827254997321e-06,0.028834636994511453
6.0,0.5,0,raw,6,0.10815197025701967,-0.22895242018468864,5.145283064283133,0.020767649695250218,0.5201991268486323,0.786996295569669,1.2706540114984248,0.010250509555711405,0.018613174757617538
6.0,0.5,0,raw,7,0.10815197025701966,-0.1873247074238361,5.144121377789962,-0.010719092181551456,0.5293336940278256,0.9166874919897733,1.090884307616533,0.002536684346269434,0.022691700008814514
6.0,0.5,0,raw,8,0.1442026270093595,-0.20813856380426232,5.14534716925702,0.02758948382352358,0.5198300769023786,0.7666171139072315,1.3044321367980969,0.01848123425188897,0.01792432940747686
6.0,0.5,0,raw,9,0.1442026270093595,-0.1665108510434099,5.147021734594037,-0.0001259620521843198,0.5199197772191021,1.3401966601097641,0.7461591494475882,1.919582141481439e-07,0.02295195908830648
6.0,0.5,0,raw,10,-0.2523545972663792,-0.02081385638042621,5.145677872466416,-0.0434418685841995,0.51985771673767,0.8098362832429697,1.234817481868711,0.04239804412530481,0.02904102336848602
6.0,0.5,0,raw,11,-0.21630394051403923,-0.04162771276085253,5.147376441087658,0.002858217999507969,0.5206594926129264,1.2682873672000072,0.7884648431117751,0.00010084415042244803,0.0326983243915141
6.0,0.5,0,raw,12,-0.2523545972663792,0.02081385638042632,5.14568083614509,-0.04516075583106109,0.519842788437298,0.9050048383256577,1.1049664683009786,0.04099131964954558,0.028494537291085774
6.0,0.5,0,raw,13,-0.21630394051403923,0.0,5.144627763799344,0.02362499790397463,0.5292851652193965,0.9070575254283131,1.1024659097864817,0.012163452898885692,0.033158309251433864
6.0,0.5,0,raw,14,-0.21630394051403923,0.04162771276085242,5.147285144449704,0.0015024015617280991,0.5195837738285636,1.4351927487173874,0.6967705215161424,2.48097041834102e-05,0.029811153692060898
6.0,4.0,0,raw,0,0.07210131350467973,0.20813856380426227,5.147068562018063,0.0012798121389270486,0.5199186403998483,1.7929662561357307,0.5577349805540893,1.4743045518528165e-05,0.2218462455886315
6.0,4.0,0,raw,1,0.10815197025701961,0.18732470742383606,5.144408487097705,-0.008533825831208507,0.5292631038427693,1.8858927006038302,0.5302528609818667,0.0007715851016767043,0.2700626433666753
6.0,4.0,0,raw,2,0.14420262700935949,0.16651085104340982,5.147184635464241,0.0023193317508343274,0.5198165912370559,2.312318459013395,0.432466382864354,3.7098026828945305e-05,0.3682576939616843
6.0,4.0,0,raw,3,0.1081519702570196,0.22895242018468848,5.145607021581596,0.020355732276406392,0.5191554241865939,1.8090080370070263,0.5527891416416719,0.004182895701851836,0.23473110159039523
6.0,4.0,0,raw,4,0.14420262700935949,0.20813856380426224,5.14564473400505,0.026715871630664557,0.5189042758364556,2.0412034651184605,0.48990706565450853,0.006365287395923524,0.3359794426643966
6.0,4.0,0,raw,5,0.07210131350467978,-0.20813856380426232,5.146844912315772,0.0005797263311832068,0.5205325849982075,1.931289130230942,0.5177888615157383,2.8740347290650246e-06,0.3025838200517105
6.0,4.0,0,raw,6,0.10815197025701967,-0.22895242018468864,5.145283064283133,0.020767649695250218,0.5201991268486323,1.541500036472803,0.6487187650596226,0.005233287614125009,0.22338135802282233
6.0,4.0,0,raw,7,0.10815197025701966,-0.1873247074238361,5.144121377789962,-0.010719092181551456,0.5293336940278256,1.7400823892189279,0.5746854322506366,0.0013363429374141447,0.31184195460043274
6.0,4.0,0,raw,8,0.1442026270093595,-0.20813856380426232,5.14534716925702,0.02758948382352358,0.5198300769023786,1.538671622934257,0.6499112514293293,0.00920796240890442,0.24091873579855477
6.0,4.0,0,raw,9,0.1442026270093595,-0.1665108510434099,5.147021734594037,-0.0001259620521843198,0.5199197772191021,1.8784741834097436,0.5323469488331394,1.369525116469817e-07,0.33808052611931155
6.0,4.0,0,raw,10,-0.2523545972663792,-0.02081385638042621,5.145677872466416,-0.0434418685841995,0.51985771673767,2.0363593679600793,0.4910724579040039,0.016861205841876427,0.28698563900313206
6.0,4.0,0,raw,11,-0.21630394051403923,-0.04162771276085253,5.147376441087658,0.002858217999507969,0.5206594926129264,2.186993723316851,0.45724868312990596,5.848181486448559e-05,0.280570328506228
6.0,4.0,0,raw,12,-0.2523545972663792,0.02081385638042632,5.14568083614509,-0.04516075583106109,0.519842788437298,2.1619883513754217,0.4625371822025851,0.017158900319047342,0.30722964104701234
6.0,4.0,0,raw,13,-0.21630394051403923,0.0,5.144627763799344,0.02362499790397463,0.5292851652193965,2.1036731490605463,0.47535901689222865,0.005244612972340389,0.2606155359991307
6.0,4.0,0,raw,14,-0.21630394051403923,0.04162771276085242,5.147285144449704,0.0015024015617280991,0.5195837738285636,2.297718719766382,0.43521428075481483,1.5496547612874922e-05,0.2549856019064861
7.0,0.5,0,raw,0,0.07210131350467973,0.20813856380426227,5.147068562018063,0.0012798121389270486,0.5199186403998483,1.2969223811550663,0.7710561669152313,2.0381931495277014e-05,0.013953621586340777
7.0,0.5,0,raw,1,0.10815197025701961,0.18732470742383606,5.144408487097705,-0.008533825831208507,0.5292631038427693,0.9557646414359212,1.046282689949296,0.001522473889555705,0.014041326185455704
7.0,0.5,0,raw,2,0.14420262700935949,0.16651085104340982,5.147184635464241,0.0023193317508343274,0.5198165912370559,1.5456241568527274,0.6469878175534258,5.550020155237393e-05,0.017809844291815043
7.0,0.5,0,raw,3,0.1081519702570196,0.22895242018468848,5.145607021581596,0.020355732276406392,0.5191554241865939,0.7699263348100136,1.2988255561446138,0.009828072635649379,0.008100485208199268
7.0,0.5,0,raw,4,0.14420262700935949,0.20813856380426224,5.14564473400505,0.026715871630664557,0.5189042758364556,0.835639344443298,1.196688507607548,0.01554839031387372,0.00927165222378477
7.0,0.5,0,raw,5,0.07210131350467978,-0.20813856380426232,5.146844912315772,0.0005797263311832068,0.5205325849982075,1.5095831603855718,0.6624345224840636,3.6769037823208115e-06,0.012066655708139007
7.0,0.5,0,raw,6,0.10815197025701967,-0.22895242018468864,5.145283064283133,0.020767649695250218,0.5201991268486323,0.7825826154788191,1.277820360714447,0.010308321304978834,0.009039904389694098
7.0,0.5,0,raw,7,0.10815197025701966,-0.1873247074238361,5.144121377789962,-0.010719092181551456,0.5293336940278256,0.9276359154709668,1.0780091448834141,0.002506745127662345,0.010444532264011805
7.0,0.5,0,raw,8,0.1442026270093595,-0.20813856380426232,5.14534716925702,0.02758948382352358,0.5198300769023786,0.7622402299747656,1.3119223581692947,0.01858735593645541,0.010672764458278847
7.0,0.5,0,raw,9,0.1442026270093595,-0.1665108510434099,5.147021734594037,-0.0001259620521843198,0.5199197772191021,1.3644433145307129,0.732899629724772,1.8854704680088528e-07,0.01194279722840221
7.0,0.5,0,raw,10,-0.2523545972663792,-0.02081385638042621,5.145677872466416,-0.0434418685841995,0.51985771673767,0.8002400302107481,1.2496250652902778,0.04290646952785632,0.009626391342349539
7.0,0.5,0,raw,11,-0.21630394051403923,-0.04162771276085253,5.147376441087658,0.002858217999507969,0.5206594926129264,1.2516111408889716,0.7989701971570324,0.00010218777850280725,0.008239298957775663
7.0,0.5,0,raw,12,-0.2523545972663792,0.02081385638042632,5.14568083614509,-0.04516075583106109,0.519842788437298,0.9008526046651936,1.1100595089822214,0.04118025792463549,0.017717588263951273
7.0,0.5,0,raw,13,-0.21630394051403923,0.0,5.144627763799344,0.02362499790397463,0.5292851652193965,0.8920379485020082,1.1210285410831362,0.012368253509455106,0.013823296192442299
7.0,0.5,0,raw,14,-0.21630394051403923,0.04162771276085242,5.147285144449704,0.0015024015617280991,0.5195837738285636,1.4314473321018633,0.6985936384621653,2.487461937532183e-05,0.018524000001147962
7.0,4.0,0,raw,0,0.07210131350467973,0.20813856380426227,5.147068562018063,0.0012798121389270486,0.5199186403998483,2.121686070751115,0.47132326209125835,1.2458856893016255e-05,0.35652551101585106
7.0,4.0,0,raw,1,0.10815197025701961,0.18732470742383606,5.144408487097705,-0.008533825831208507,0.5292631038427693,2.0043013374710217,0.49892697335709785,0.0007260019658435214,0.3457931947120244
7.0,4.0,0,raw,2,0.14420262700935949,0.16651085104340982,5.147184635464241,0.0023193317508343274,0.5198165912370559,2.1789899233641803,0.4589282351779226,3.936798941093926e-05,0.3845642092847013
7.0,4.0,0,raw,3,0.1081519702570196,0.22895242018468848,5.145607021581596,0.020355732276406392,0.5191554241865939,2.089765265774406,0.47852264384795834,0.0036209291380905635,0.422802181252605
7.0,4.0,0,raw,4,0.14420262700935949,0.20813856380426224,5.14564473400505,0.026715871630664557,0.5189042758364556,2.0798608112651373,0.4808014048746465,0.006246978941408426,0.41128622185796704
7.0,4.0,0,raw,5,0.07210131350467978,-0.20813856380426232,5.146844912315772,0.0005797263311832068,0.5205325849982075,2.0215504452972133,0.4946698225247491,2.745710375450686e-06,0.2707211465529837
7.0,4.0,0,raw,6,0.10815197025701967,-0.22895242018468864,5.145283064283133,0.020767649695250218,0.5201991268486323,1.6790548457635617,0.5955731598185187,0.0048045560086381785,0.3377409086272789
7.0,4.0,0,raw,7,0.10815197025701966,-0.1873247074238361,5.144121377789962,-0.010719092181551456,0.5293336940278256,1.710496053170909,0.584625727809313,0.0013594575719954038,0.22972592522386592
7.0,4.0,0,raw,8,0.1442026270093595,-0.20813856380426232,5.14534716925702,0.02758948382352358,0.5198300769023786,1.5870909954823813,0.6300835949838273,0.008927043568362226,0.3272960078759427
7.0,4.0,0,raw,9,0.1442026270093595,-0.1665108510434099,5.147021734594037,-0.0001259620521843198,0.5199197772191021,1.7223909979281395,0.5805882643388742,1.493631572572296e-07,0.23063479054653158
7.0,4.0,0,raw,10,-0.2523545972663792,-0.02081385638042621,5.145677872466416,-0.0434418685841995,0.51985771673767,1.741490652162272,0.5742207107218052,0.01971614055382762,0.33781641303339827
7.0,4.0,0,raw,11,-0.21630394051403923,-0.04162771276085253,5.147376441087658,0.002858217999507969,0.5206594926129264,1.8944845377289101,0.527848066365741,6.751143094054104e-05,0.27949344711742596
7.0,4.0,0,raw,12,-0.2523545972663792,0.02081385638042632,5.14568083614509,-0.04516075583106109,0.519842788437298,1.736330972852667,0.575927064387426,0.02136536362721451,0.3541422049644813
7.0,4.0,0,raw,13,-0.21630394051403923,0.0,5.144627763799344,0.02362499790397463,0.5292851652193965,1.6358534042851252,0.611301720178896,0.006744462222731103,0.2713515571326757
7.0,4.0,0,raw,14,-0.21630394051403923,0.04162771276085242,5.147285144449704,0.0015024015617280991,0.5195837738285636,1.7732079742904978,0.5639496407070488,2.0080389924989386e-05,0.2871166790664472
8.0,0.5,0,raw,0,0.07210131350467973,0.20813856380426227,5.147068562018063,0.0012798121389270486,0.5199186403998483,1.3007028486230814,0.7688151072003846,2.0322691808799218e-05,0.0
8.0,0.5,0,raw,1,0.10815197025701961,0.18732470742383606,5.144408487097705,-0.008533825831208507,0.5292631038427693,0.9625364158575604,1.038921731713456,0.0015117627626070986,0.0
8.0,0.5,0,raw,2,0.14420262700935949,0.16651085104340982,5.147184635464241,0.0023193317508343274,0.5198165912370559,1.5581116487030329,0.6418025311808668,5.505539497182338e-05,0.0
8.0,0.5,0,raw,3,0.1081519702570196,0.22895242018468848,5.145607021581596,0.020355732276406392,0.5191554241865939,0.7700591163081258,1.2986015993087305,0.009826377978472443,0.0
8.0,0.5,0,raw,4,0.14420262700935949,0.20813856380426224,5.14564473400505,0.026715871630664557,0.5189042758364556,0.8402205429914533,1.1901637115889607,0.015463614639526996,0.0
8.0,0.5,0,raw,5,0.07210131350467978,-0.20813856380426232,5.146844912315772,0.0005797263311832068,0.5205325849982075,1.5068930168211827,0.6636171173647865,3.6834678840430123e-06,0.0
8.0,0.5,0,raw,6,0.10815197025701967,-0.22895242018468864,5.145283064283133,0.020767649695250218,0.5201991268486323,0.776314961310727,1.2881369673870566,0.010391546537279006,0.0
8.0,0.5,0,raw,7,0.10815197025701966,-0.1873247074238361,5.144121377789962,-0.010719092181551456,0.5293336940278256,0.9194880876599737,1.0875616698253514,0.002528958061076434,0.0
8.0,0.5,0,raw,8,0.1442026270093595,-0.20813856380426232,5.14534716925702,0.02758948382352358,0.5198300769023786,0.7550578199650476,1.3244018849394752,0.01876416625190697,0.0
8.0,0.5,0,raw,9,0.1442026270093595,-0.1665108510434099,5.147021734594037,-0.0001259620521843198,0.5199197772191021,1.3605157869547784,0.7350153593133121,1.8909134311318974e-07,0.0
8.0,0.5,0,raw,10,-0.2523545972663792,-0.02081385638042621,5.145677872466416,-0.0434418685841995,0.51985771673767,0.801662673758923,1.2474074604360603,0.0428303270129971,0.0
8.0,0.5,0,raw,11,-0.21630394051403923,-0.04162771276085253,5.147376441087658,0.002858217999507969,0.5206594926129264,1.2516729072911092,0.7989307703114036,0.0001021827358344042,0.0
8.0,0.5,0,raw,12,-0.2523545972663792,0.02081385638042632,5.14568083614509,-0.04516075583106109,0.519842788437298,0.9058932392507228,1.1038828381444972,0.040951119850365696,0.0
8.0,0.5,0,raw,13,-0.21630394051403923,0.0,5.144627763799344,0.02362499790397463,0.5292851652193965,0.8964471920457693,1.1155146771310804,0.012307419315965457,0.0
8.0,0.5,0,raw,14,-0.21630394051403923,0.04162771276085242,5.147285144449704,0.0015024015617280991,0.5195837738285636,1.4356942830322545,0.6965271171018056,2.4801037353614514e-05,0.0
8.0,4.0,0,raw,0,0.07210131350467973,0.20813856380426227,5.147068562018063,0.0012798121389270486,0.5199186403998483,1.6620615504872402,0.6016624352490711,1.5904214329273746e-05,0.18649345437452494
8.0,4.0,0,raw,1,0.10815197025701961,0.18732470742383606,5.144408487097705,-0.008533825831208507,0.5292631038427693,1.6046767681713197,0.6231784617531381,0.0009068036255083413,0.13870064767468704
8.0,4.0,0,raw,2,0.14420262700935949,0.16651085104340982,5.147184635464241,0.0023193317508343274,0.5198165912370559,2.0044497942108643,0.4988900210362674,4.2796009397340004e-05,0.1836600024067644
8.0,4.0,0,raw,3,0.1081519702570196,0.22895242018468848,5.145607021581596,0.020355732276406392,0.5191554241865939,1.627789725359901,0.6143299619236152,0.004648568438985012,0.18794435831011924
8.0,4.0,0,raw,4,0.14420262700935949,0.20813856380426224,5.14564473400505,0.026715871630664557,0.5189042758364556,1.8564857281355465,0.5386521344305145,0.006998624601376586,0.19145332971283896
8.0,4.0,0,raw,5,0.07210131350467978,-0.20813856380426232,5.146844912315772,0.0005797263311832068,0.5205325849982075,1.850046311428057,0.5405270094174544,3.0002449116341266e-06,0.2157640340044807
8.0,4.0,0,raw,6,0.10815197025701967,-0.22895242018468864,5.145283064283133,0.020767649695250218,0.5201991268486323,1.5258342494812471,0.6553791804974752,0.00528701793840912,0.22663688385679104
8.0,4.0,0,raw,7,0.10815197025701966,-0.1873247074238361,5.144121377789962,-0.010719092181551456,0.5293336940278256,1.6351004281890291,0.6115832292378269,0.0014221431119842008,0.19747217741839146
8.0,4.0,0,raw,8,0.1442026270093595,-0.20813856380426232,5.14534716925702,0.02758948382352358,0.5198300769023786,1.683819298933071,0.593887954980464,0.008414222638144113,0.2595075876711433
8.0,4.0,0,raw,9,0.1442026270093595,-0.1665108510434099,5.147021734594037,-0.0001259620521843198,0.5199197772191021,1.9480284785077027,0.5133395178935244,1.3206262655823905e-07,0.2595590653366632
8.0,4.0,0,raw,10,-0.2523545972663792,-0.02081385638042621,5.145677872466416,-0.0434418685841995,0.51985771673767,2.070084371128213,0.48307209790439204,0.01658650968534928,0.27670201548549445
8.0,4.0,0,raw,11,-0.21630394051403923,-0.04162771276085253,5.147376441087658,0.002858217999507969,0.5206594926129264,1.917472355042723,0.5215199047694844,6.670206310951398e-05,0.22466751574779795
8.0,4.0,0,raw,12,-0.2523545972663792,0.02081385638042632,5.14568083614509,-0.04516075583106109,0.519842788437298,2.184426394567017,0.45778608173163626,0.016982647117091604,0.29540935660038403
8.0,4.0,0,raw,13,-0.21630394051403923,0.0,5.144627763799344,0.02362499790397463,0.5292851652193965,1.8413483039681207,0.5430803057981979,0.005991778667485665,0.2170418374332296
8.0,4.0,0,raw,14,-0.21630394051403923,0.04162771276085242,5.147285144449704,0.0015024015617280991,0.5195837738285636,2.119617010341431,0.4717833434630337,1.679865153380618e-05,0.2377664124856264
9.0,0.5,0,raw,0,0.07210131350467973,0.20813856380426227,5.147068562018063,0.0012798121389270486,0.5199186403998483,1.3007028486230814,0.7688151072003846,2.0322691808799218e-05,0.0
9.0,0.5,0,raw,1,0.10815197025701961,0.18732470742383606,5.144408487097705,-0.008533825831208507,0.5292631038427693,0.9625364158575604,1.038921731713456,0.0015117627626070986,0.0
9.0,0.5,0,raw,2,0.14420262700935949,0.16651085104340982,5.147184635464241,0.0023193317508343274,0.5198165912370559,1.5581116487030329,0.6418025311808668,5.505539497182338e-05,0.0
9.0,0.5,0,raw,3,0.1081519702570196,0.22895242018468848,5.145607021581596,0.020355732276406392,0.5191554241865939,0.7700591163081258,1.2986015993087305,0.009826377978472443,0.0
9.0,0.5,0,raw,4,0.14420262700935949,0.20813856380426224,5.14564473400505,0.026715871630664557,0.5189042758364556,0.8402205429914533,1.1901637115889607,0.015463614639526996,0.0
9.0,0.5,0,raw,5,0.07210131350467978,-0.20813856380426232,5.146844912315772,0.0005797263311832068,0.5205325849982075,1.5068930168211827,0.6636171173647865,3.6834678840430123e-06,0.0
9.0,0.5,0,raw,6,0.10815197025701967,-0.22895242018468864,5.145283064283133,0.020767649695250218,0.5201991268486323,0.776314961310727,1.2881369673870566,0.010391546537279006,0.0
9.0,0.5,0,raw,7,0.10815197025701966,-0.1873247074238361,5.144121377789962,-0.010719092181551456,0.5293336940278256,0.9194880876599737,1.0875616698253514,0.002528958061076434,0.0
9.0,0.5,0,raw,8,0.1442026270093595,-0.20813856380426232,5.14534716925702,0.02758948382352358,0.5198300769023786,0.7550578199650476,1.3244018849394752,0.01876416625190697,0.0
9.0,0.5,0,raw,9,0.1442026270093595,-0.1665108510434099,5.147021734594037,-0.0001259620521843198,0.5199197772191021,1.3605157869547784,0.7350153593133121,1.8909134311318974e-07,0.0
9.0,0.5,0,raw,10,-0.2523545972663792,-0.02081385638042621,5.145677872466416,-0.0434418685841995,0.51985771673767,0.801662673758923,1.2474074604360603,0.0428303270129971,0.0
9.0,0.5,0,raw,11,-0.21630394051403923,-0.04162771276085253,5.147376441087658,0.002858217999507969,0.5206594926129264,1.2516729072911092,0.7989307703114036,0.0001021827358344042,0.0
9.0,0.5,0,raw,12,-0.2523545972663792,0.02081385638042632,5.14568083614509,-0.04516075583106109,0.519842788437298,0.9058932392507228,1.1038828381444972,0.040951119850365696,0.0
9.0,0.5,0,raw,13,-0.21630394051403923,0.0,5.144627763799344,0.02362499790397463,0.5292851652193965,0.8964471920457693,1.1155146771310804,0.012307419315965457,0.0
9.0,0.5,0,raw,14,-0.21630394051403923,0.04162771276085242,5.147285144449704,0.0015024015617280991,0.5195837738285636,1.4356942830322545,0.6965271171018056,2.4801037353614514e-05,0.0
9.0,4.0,0,raw,0,0.07210131350467973,0.20813856380426227,5.147068562018063,0.0012798121389270486,0.5199186403998483,1.7833162512769896,0.560753034849497,1.4822824111239672e-05,0.24450934434559946
9.0,4.0,0,raw,1,0.10815197025701961,0.18732470742383606,5.144408487097705,-0.008533825831208507,0.5292631038427693,1.5704415672806153,0.6367635834624558,0.0009265716989817492,0.18630139116447633
9.0,4.0,0,raw,2,0.14420262700935949,0.16651085104340982,5.147184635464241,0.0023193317508343274,0.5198165912370559,1.8035020063639489,0.5544767881994798,4.756437859611307e-05,0.2157049454406414
9.0,4.0,0,raw,3,0.1081519702570196,0.22895242018468848,5.145607021581596,0.020355732276406392,0.5191554241865939,1.5280558660987513,0.6544263349173743,0.004951973360719459,0.23118953474727105
9.0,4.0,0,raw,4,0.14420262700935949,0.20813856380426224,5.14564473400505,0.026715871630664557,0.5189042758364556,1.5318312768359226,0.6528134104074126,0.008481904557968918,0.18343011288783403
9.0,4.0,0,raw,5,0.07210131350467978,-0.20813856380426232,5.146844912315772,0.0005797263311832068,0.5205325849982075,1.752736961691694,0.5705362651991017,3.1668140476664753e-06,0.2588970915462714
9.0,4.0,0,raw,6,0.10815197025701967,-0.22895242018468864,5.145283064283133,0.020767649695250218,0.5201991268486323,1.403116139803608,0.7126993779288779,0.0057494264510245825,0.246150668145951
9.0,4.0,0,raw,7,0.10815197025701966,-0.1873247074238361,5.144121377789962,-0.010719092181551456,0.5293336940278256,1.5499349489775573,0.6451883678470945,0.0015002867138942846,0.23639574615039574
9.0,4.0,0,raw,8,0.1442026270093595,-0.20813856380426232,5.14534716925702,0.02758948382352358,0.5198300769023786,1.4886639052172372,0.6717432971239216,0.009517279497388693,0.22890748646934506
9.0,4.0,0,raw,9,0.1442026270093595,-0.1665108510434099,5.147021734594037,-0.0001259620521843198,0.5199197772191021,1.7740486411880312,0.5636824023778332,1.450139254973845e-07,0.22901540284522975
9.0,4.0,0,raw,10,-0.2523545972663792,-0.02081385638042621,5.145677872466416,-0.0434418685841995,0.51985771673767,1.6140819899020913,0.6195472139929268,0.02127244754976235,0.19885836374447524
9.0,4.0,0,raw,11,-0.21630394051403923,-0.04162771276085253,5.147376441087658,0.002858217999507969,0.5206594926129264,1.827135208282249,0.5473048712909065,6.999994387774432e-05,0.23876290422050755
9.0,4.0,0,raw,12,-0.2523545972663792,0.02081385638042632,5.14568083614509,-0.04516075583106109,0.519842788437298,1.7288126861802042,0.5784316646874513,0.021458277642651152,0.2708940686876364
9.0,4.0,0,raw,13,-0.21630394051403923,0.0,5.144627763799344,0.02362499790397463,0.5292851652193965,1.7171395543774888,0.5823638489083248,0.006425192092862161,0.246952192758505
9.0,4.0,0,raw,14,-0.21630394051403923,0.04162771276085242,5.147285144449704,0.0015024015617280991,0.5195837738285636,1.949458030706071,0.5129630821740808,1.826492644674039e-05,0.24298762317672998
