field,angle,mode,sigma,rho,delta_rho_over_rho0
0.1,0,raw,0.11407510819044096,8.766154298364242,0.0
0.1,1,raw,0.10804759386917075,9.255180649472383,0.05578573391063779
0.1,2,raw,0.10712185734676734,9.335163007516481,0.06490973005784495
0.1,3,raw,0.11332965390135816,8.823815882032054,0.006577751395337783
0.1,4,raw,0.10811856715369632,9.249105184481834,0.05509267458453371
0.1,5,raw,0.10951850858847421,9.130876715620655,0.04160574920800442
0.1,6,raw,0.11793739681388056,8.479074721126164,-0.03274863383269977
0.1,7,raw,0.1172292014058715,8.530297809824663,-0.026905354447569918
0.1,8,raw,0.10897990899790783,9.176003257804132,0.046753564389845126
0.1,9,raw,0.10275174454240309,9.73219485910845,0.11020118148324975
0.1,10,raw,0.11051530594816024,9.048520396523836,0.03221094319686846
0.1,11,raw,0.10887177859818141,9.185116775677475,0.04779318992724213
0.1,12,raw,0.10252480640386659,9.753737023026325,0.11265860616283763
0.1,13,raw,0.10803936802206175,9.255885315765628,0.05586611879427794
0.1,14,raw,0.10437578059653319,9.58076667101079,0.09292699454292674
0.1,15,raw,0.11429400186221426,8.749365528433747,-0.0019151807462055581
0.1,16,raw,0.10153388097245408,9.848929149781025,0.12351765832125805
0.1,17,raw,0.1118688986988892,8.939034992126274,0.019721383844942375
0.1,18,raw,0.11151891349518922,8.96708879828836,0.022921624818035946
0.1,19,raw,0.11691762990520287,8.55303003328756,-0.024312173596630626
0.1,20,raw,0.10658573468589287,9.382118563492481,0.07026619018594937
0.1,21,raw,0.10394952359881741,9.620053708561455,0.09740866760200073
0.1,22,raw,0.11023324573723586,9.071673371422905,0.03485212131341031
0.1,23,raw,0.11133274596145283,8.982083315776958,0.024632126022811063
0.1,24,raw,0.1097826947722699,9.108903749123407,0.039099180677566014
0.1,25,raw,0.10479677997481748,9.542277923427596,0.08853638649825935
0.1,26,raw,0.10553903669092571,9.47516702211837,0.08088070317065132
0.1,27,raw,0.09505801692391214,10.51989124494819,0.20005773191913745
0.1,28,raw,0.11749851147059344,8.510746114858415,-0.029135716166151182
0.1,29,raw,0.10324643057715231,9.685564860789412,0.10488185938008554
0.1,30,raw,0.10590242459433553,9.44265444186523,0.07717182706072401
0.1,31,raw,0.10951128972277631,9.131478613131689,0.04167441073169531
0.1,32,raw,0.1011560446843322,9.885716697609148,0.1277142018198123
0.1,33,raw,0.11307418854829193,8.843751282574257,0.0088518843690093
0.1,34,raw,0.11131810437180477,8.983264722690384,0.024766895144277212
0.1,35,raw,0.11632713905194822,8.596446264817274,-0.019359462287657392
0.1,36,raw,0.1102068005422006,9.073850207792558,0.035100444157791344
0.1,37,raw,0.11112976876290988,8.998488983932404,0.02650360439258015
0.1,38,raw,0.10874926276229184,9.195464636719763,0.048973623295180735
0.1,39,raw,0.11901324921729187,8.402425835582568,-0.041492363743762306
0.1,40,raw,0.09813614765691919,10.189925158831054,0.16241681494614868
0.1,41,raw,0.11062892393219143,9.039227396019301,0.03115084315889982
0.1,42,raw,0.11085804698579761,9.020544986942745,0.029019645322233556
0.1,43,raw,0.10517018645573045,9.50839808980402,0.08467154081217587
0.1,44,raw,0.10970803277117681,9.115102830125,0.03980634151350393
0.1,45,raw,0.1095854064564351,9.125302650563631,0.040969887133563976
0.1,46,raw,0.10920145835597504,9.157386861448304,0.04462989696143782
0.1,47,raw,0.10767520858195019,9.287188881913455,0.059437076489337715
0.1,48,raw,0.09634020215023428,10.37988272476931,0.18408624483214808
0.1,49,raw,0.10561379753759594,9.46845983493799,0.08011558006739605
0.1,50,raw,0.10778728487673234,9.277532142530724,0.05833548289948598
0.1,51,raw,0.10538693200671483,9.488842505978674,0.08244073547157216
0.1,52,raw,0.11143034352948543,8.974216253182343,0.02373469000618944
0.1,53,raw,0.10854314820648168,9.212926071553586,0.05096553836300943
0.1,54,raw,0.10749827464627208,9.302474884276469,0.061180828862698045
0.1,55,raw,0.11623396602451054,8.603337167288325,-0.018573381842742376
0.1,56,raw,0.10811148981432307,9.249710661812706,0.05516174447655975
0.1,57,raw,0.11787511124644835,8.483555090007439,-0.03223753526783524
0.1,58,raw,0.1040882933070575,9.607228327301213,0.09594561084715503
0.1,59,raw,0.10436651738719022,9.581617026561226,0.0930239989443431
0.1,0,smoothed,0.11165994996262166,8.955762566029732,0.0
0.1,1,smoothed,0.10962593834802384,9.121928761287784,0.01855410904799326
0.1,2,smoothed,0.10909885648092561,9.16599891379096,0.023474980071342966
0.1,3,smoothed,0.10991421328315655,9.098004435730623,0.015882720053391308
0.1,4,smoothed,0.11009621433990871,9.08296444156219,0.014203355057105904
0.1,5,smoothed,0.11163087674687014,8.958095010465263,0.000260440628961911
0.1,6,smoothed,0.11441960565089532,8.739760937920828,-0.024118730986484982
0.1,7,smoothed,0.11389064399388742,8.780352493692726,-0.019586279900089876
0.1,8,smoothed,0.10974687692362148,9.111876602155629,0.01743168546228069
0.1,9,smoothed,0.10713700274507976,9.33384334429614,0.04221648078305629
0.1,10,smoothed,0.10760589991970596,9.293170734561825,0.037674979215273297
0.1,11,smoothed,0.10719494376642778,9.328798214391044,0.041653141830298335
0.1,12,smoothed,0.10582231504969719,9.449802714393192,0.05516449824579017
0.1,13,smoothed,0.10601587082079698,9.432549978204126,0.053238058586200676
0.1,14,smoothed,0.10722182978152903,9.326459005946463,0.04139194593242412
0.1,15,smoothed,0.1079057030755744,9.267350765507041,0.0347919227625797
0.1,16,smoothed,0.10752652966774755,9.300030449136209,0.03844093460140696
0.1,17,smoothed,0.10929919534700168,9.149198187829406,0.021599011851140215
0.1,18,smoothed,0.11183201403493792,8.941983282958542,-0.0015385940582497426
0.1,19,smoothed,0.11176166908083153,8.947611540024074,-0.0009101431559357387
0.1,20,smoothed,0.108657791513357,9.203205642892831,0.027629481581130877
0.1,21,smoothed,0.10705075901964092,9.341363005343354,0.04305612575932405
0.1,22,smoothed,0.10855866848175598,9.211608929857654,0.028567792183144425
0.1,23,smoothed,0.1096596416982857,9.119125181453452,0.01824106146397564
0.1,24,smoothed,0.10841817453919338,9.223545814622604,0.02990066413870829
0.1,25,smoothed,0.10589465948612949,9.443346858591902,0.05444363771005212
0.1,26,smoothed,0.10335146523217167,9.675721556086037,0.08039058480482675
0.1,27,smoothed,0.10332792848368597,9.67792555870203,0.08063668362664611
0.1,28,smoothed,0.10640254223981312,9.398271685522054,0.04941054614051654
0.1,29,smoothed,0.10677200695354051,9.365750710625193,0.04577925571079722
0.1,30,smoothed,0.10619660966015727,9.416496470086265,0.05144552467303587
0.1,31,smoothed,0.10621062752419955,9.415253664442902,0.051306753057084764
0.1,32,smoothed,0.10657223421392459,9.383307081586372,0.04773959921384785
0.1,33,smoothed,0.10927480950375677,9.151239929323518,0.021826992604209394
0.1,34,smoothed,0.11201700647041259,8.927215888992118,-0.0031875205296191256
0.1,35,smoothed,0.11289202870663612,8.858021345321232,-0.010913779813596647
0.1,36,smoothed,0.11175586558471398,8.948076190613662,-0.0008582602943522089
0.1,37,smoothed,0.11067134629317028,9.035762494033307,0.008932787957892652
0.1,38,smoothed,0.1108667296487804,9.019838531973877,0.0071547191511298625
0.1,39,smoothed,0.10976431850278537,9.110428722560002,0.01727001529908101
0.1,40,smoothed,0.10677213208181727,9.36573973472517,0.045778030142349824
0.1,41,smoothed,0.10731661721963982,9.318221407905055,0.04047213614730838
0.1,42,smoothed,0.1084636355407756,9.219679895609456,0.02946899581514084
0.1,43,smoothed,0.10797233886913281,9.261631362936795,0.03415329455777005
0.1,44,smoothed,0.10843558245342326,9.222065095002682,0.02973532706003934
0.1,45,smoothed,0.10898145170192519,9.175873365452102,0.024577560849734503
0.1,46,smoothed,0.10799866226365097,9.259373950010206,0.03390123194334205
0.1,47,smoothed,0.10493657335816467,9.52956598446231,0.06407086099056314
0.1,48,smoothed,0.10235915043673956,9.7695222726377,0.09086436812144338
0.1,49,smoothed,0.10372243703429457,9.64111554445411,0.0765264792775997
0.1,50,smoothed,0.10607443075436065,9.427342601684343,0.05265660318456522
0.1,51,smoothed,0.10742027653835728,9.309229432517084,0.0394680926254225
0.1,52,smoothed,0.10866488655862235,9.202604738933047,0.027562384675049012
0.1,53,smoothed,0.10905809415101678,9.169424862819104,0.023857521368400247
0.1,54,smoothed,0.10992898276236206,9.096782075767413,0.015746231401063016
0.1,55,smoothed,0.11146896909129872,8.97110656133322,0.0017133097478143622
0.1,56,smoothed,0.11180084532046827,8.944476199026752,-0.0012602351748124407
0.1,57,smoothed,0.1107506677989274,9.029290927758044,0.008210173191417036
0.1,58,smoothed,0.10737764614622741,9.31292532375123,0.03988077565569448
0.1,59,smoothed,0.10495924019604416,9.52750799388589,0.06384106586577643
0.5,0,raw,0.14779474311035434,6.766140519986743,0.0
0.5,1,raw,0.14407812915007776,6.940678685231667,0.025795823295326148
0.5,2,raw,0.15115223959153334,6.6158463989839165,-0.02221268100460916
0.5,3,raw,0.14219621222749299,7.032536129725786,0.039371870707108236
0.5,4,raw,0.14194963468540808,7.044752191269968,0.04117734038485077
0.5,5,raw,0.14624173765085138,6.8379931479443705,0.010619440690801563
0.5,6,raw,0.1433127948096127,6.977744041126781,0.03127388804813824
0.5,7,raw,0.1503182357264707,6.652552800178337,-0.016787667869574197
0.5,8,raw,0.14191188981336114,7.046625912142909,0.04145426647992756
0.5,9,raw,0.14911099885793713,6.706413394445384,-0.00882735517610489
0.5,10,raw,0.13892319262478856,7.198222133440709,0.06385939106313643
0.5,11,raw,0.1302332352443896,7.678531506365843,0.13484659144810185
0.5,12,raw,0.13885705715043756,7.201650535605125,0.0643660908803052
0.5,13,raw,0.14587977588732323,6.8549598045200915,0.013127023340851807
0.5,14,raw,0.13846683617484645,7.221945901452305,0.06736563926201988
0.5,15,raw,0.1400571012848688,7.139944999761578,0.05524633706182147
0.5,16,raw,0.13247313209955613,7.548700511198607,0.11565825286959863
0.5,17,raw,0.14325001200357224,6.980802207367794,0.0317258689421176
0.5,18,raw,0.13529610330474384,7.391195870198705,0.09237989491432952
0.5,19,raw,0.1512550831455601,6.611348056565157,-0.022877512366812236
0.5,20,raw,0.13195512804251452,7.578333747497943,0.12003788941598748
0.5,21,raw,0.15385489969646396,6.499630508829242,-0.0393887786353605
0.5,22,raw,0.14464387458534572,6.913531615954879,0.02178362916536436
0.5,23,raw,0.14215023249996156,7.034810864627115,0.03970806456749432
0.5,24,raw,0.14431824181464278,6.929130977665072,0.024089132822007864
0.5,25,raw,0.140098565340692,7.137831836951348,0.0549340227071331
0.5,26,raw,0.13111934797824248,7.626639511400993,0.12717722738278803
0.5,27,raw,0.14505480778906282,6.893945917698843,0.01888896592297651
0.5,28,raw,0.13909572159448894,7.1892937362612646,0.06253982089561316
0.5,29,raw,0.13438954244545306,7.441055172919327,0.09974883775158538
0.5,30,raw,0.13129953244303277,7.616173351065605,0.12563038390466774
0.5,31,raw,0.14388233891468125,6.950123326761986,0.027191691664069095
0.5,32,raw,0.132431346789253,7.551082309774951,0.11601027017832988
0.5,33,raw,0.13431939132708065,7.444941419998723,0.10032320464034794
0.5,34,raw,0.14256906711642114,7.014144233569301,0.03665364513934799
0.5,35,raw,0.13157132650426323,7.600440206609892,0.1233051078615175
0.5,36,raw,0.14365510253763364,6.961117164202558,0.028816523044395304
0.5,37,raw,0.12574234695325773,7.952770281691422,0.17537764079824414
0.5,38,raw,0.13923674102752848,7.18201239572456,0.061463677041492026
0.5,39,raw,0.13955004759772446,7.165887917735875,0.05908056395936567
0.5,40,raw,0.14198014400648043,7.04323838377257,0.040953607594654384
0.5,41,raw,0.14337292184489597,6.974817748931854,0.030841397444923313
0.5,42,raw,0.13006976842728646,7.688181597394285,0.13627282417264208
0.5,43,raw,0.13911241700909616,7.188430921551833,0.062412301417281046
0.5,44,raw,0.136001019749443,7.352886043371711,0.0867179038998318
0.5,45,raw,0.1341657926250831,7.453464705377099,0.1015829014133014
0.5,46,raw,0.14029061978402918,7.128060318925478,0.053489843710701424
0.5,47,raw,0.14301615081195582,6.992217272822884,0.03341295560864066
0.5,48,raw,0.14670292796502302,6.816496533991608,0.007442354153910591
0.5,49,raw,0.14417242273003295,6.936139249546559,0.025124918564379595
0.5,50,raw,0.13515692338789528,7.398807067619005,0.09350478988182509
0.5,51,raw,0.13404853987239063,7.459984278470798,0.10254646004387369
0.5,52,raw,0.13347250793823165,7.492179591491452,0.10730475806111883
0.5,53,raw,0.14238801537320586,7.023062983067442,0.03797178943029156
0.5,54,raw,0.13150398627546905,7.604332220813761,0.12388032710096031
0.5,55,raw,0.13936829941593484,7.175232848436865,0.06046169559170256
0.5,56,raw,0.13419142613458174,7.452040929925667,0.10137247488621015
0.5,57,raw,0.14434785177080825,6.927709610724058,0.023879062260095063
0.5,58,raw,0.1424127153667872,7.0218449063658195,0.0377917640970864
0.5,59,raw,0.13300006558796812,7.518793284643802,0.11123812200378813
0.5,0,smoothed,0.14681022856060943,6.811514495988663,0.0
0.5,1,smoothed,0.14665858116733427,6.81855771438987,0.001034016503283386
0.5,2,smoothed,0.14632017635408678,6.83432746540747,0.0033491772545211074
0.5,3,smoothed,0.14435301256266297,6.9274619368674735,0.01702227029643577
0.5,4,smoothed,0.14342536576967602,6.972267385435017,0.023600168441397562
0.5,5,smoothed,0.1443099934651227,6.929527027119458,0.017325446668327915
0.5,6,smoothed,0.14533119493370297,6.880835187904283,0.010176986624111706
0.5,7,smoothed,0.14589481956438521,6.854252967897105,0.00627444482920958
0.5,8,smoothed,0.1452808340216303,6.8832203967876024,0.010527159685436605
0.5,9,smoothed,0.14347688485956095,6.969763812329958,0.023232618301625596
0.5,10,smoothed,0.1390458121271289,7.191874280152392,0.05584070684834108
0.5,11,smoothed,0.13602942018565903,7.351350896263142,0.07925350530963282
0.5,12,smoothed,0.13816728611470963,7.237603257038552,0.06255418839684102
0.5,13,smoothed,0.14084059749169955,7.100225487604418,0.04238572666706908
0.5,14,smoothed,0.14003831956854262,7.140902597810336,0.04835754251358515
0.5,15,smoothed,0.13794697194875313,7.249162383727399,0.06425118642799177
0.5,16,smoothed,0.13716035511932603,7.290736445892294,0.07035468399661293
0.5,17,smoothed,0.1385904821600725,7.215502712841395,0.05930960245194261
0.5,18,smoothed,0.1404489270937733,7.12002591043171,0.045292631267940475
0.5,19,smoothed,0.14166020151700315,7.059145683058853,0.036354791172509504
0.5,20,smoothed,0.14198401682534795,7.043046269285947,0.03399123255681746
0.5,21,smoothed,0.14460603377054188,6.9153407636280315,0.015242758082730568
0.5,22,smoothed,0.1451418898729235,6.889809695020045,0.011494536064995398
0.5,23,smoothed,0.14346919762017232,6.970137260037176,0.02328744424487783
0.5,24,smoothed,0.14188255073907538,7.048083043270193,0.034730682496652676
0.5,25,smoothed,0.13900821633115537,7.193819375523301,0.05612626674431631
0.5,26,smoothed,0.13747174310427074,7.274222159542354,0.06793021784306297
0.5,27,smoothed,0.13900020260231652,7.194234118212245,0.05618715521327422
0.5,28,smoothed,0.13828618604149104,7.2313802891343215,0.06164059305649561
0.5,29,smoothed,0.13559331144035996,7.374995044942501,0.08272470818137045
0.5,30,smoothed,0.1353869905159817,7.38623405534637,0.08437470986755757
0.5,31,smoothed,0.13669685512642962,7.315457250827823,0.07398395101940025
0.5,32,smoothed,0.13591219960702647,7.357691236632016,0.08018433212833931
0.5,33,smoothed,0.13607732785357163,7.348762764331082,0.07887354106914213
0.5,34,smoothed,0.137116995217591,7.2930419632745,0.07069315753044503
0.5,35,smoothed,0.13666150435970503,7.317349568814291,0.07426176265550288
0.5,36,smoothed,0.13548838498425578,7.380706472486209,0.08356320416446983
0.5,37,smoothed,0.13400876892064334,7.462198243102846,0.09552702963450699
0.5,38,smoothed,0.1360431075991048,7.350611270560099,0.07914492069111989
0.5,39,smoothed,0.13931109261358077,7.17817929096132,0.05383014235506467
0.5,40,smoothed,0.14063773098887644,7.110467390000012,0.04388934269866174
0.5,41,smoothed,0.1389221263497938,7.198277382265854,0.056780747733115255
0.5,42,smoothed,0.13611459499172704,7.346750729124818,0.07857815372063848
0.5,43,smoothed,0.13590923654275708,7.357851647451494,0.08020788207741059
0.5,44,smoothed,0.13612723148974998,7.346068740664115,0.07847803083884686
0.5,45,smoothed,0.13670226619901332,7.315167683790875,0.07394143961652233
0.5,46,smoothed,0.13938202408771733,7.174526317473118,0.05329384848233598
0.5,47,smoothed,0.1425061762848742,7.0172397159893585,0.03020256656898379
0.5,48,smoothed,0.14383585057257095,6.95236963538141,0.020678975208185513
0.5,49,smoothed,0.14162132488916285,7.0610834970131116,0.03663928208204226
0.5,50,smoothed,0.13742488481426013,7.27670247896932,0.06829435410503915
0.5,51,smoothed,0.13504494511943094,7.404942103650165,0.0871212427149608
0.5,52,smoothed,0.13559100556913395,7.375120464683985,0.08274312108228399
0.5,53,smoothed,0.13661757867976615,7.319702264259978,0.0746071624116178
0.5,54,smoothed,0.13610856410275568,7.347076259250271,0.07862594487275976
0.5,55,smoothed,0.13644714622949813,7.328845106940117,0.07594942523518267
0.5,56,smoothed,0.13801721093706185,7.245473178385098,0.0637095733484816
0.5,57,smoothed,0.14013348224490432,7.136053311316061,0.047645617655004635
0.5,58,smoothed,0.13930055073432843,7.178722515657404,0.05390989329685669
0.5,59,smoothed,0.13619956176891312,7.342167529853573,0.07790529318808836
1.0,0,raw,0.2319035188463376,4.312138103702573,0.0
1.0,1,raw,0.2412856771981791,4.144464817025396,-0.0388840251969681
1.0,2,raw,0.2335148070775441,4.282383684850984,-0.006900154432911143
1.0,3,raw,0.2417026230965502,4.137315463061985,-0.04054198553856103
1.0,4,raw,0.22554260671806728,4.433752072618455,0.028202707332462218
1.0,5,raw,0.21435675092708245,4.665120159150804,0.08185778074805783
1.0,6,raw,0.22246564415517397,4.495076099491934,0.04242396495424927
1.0,7,raw,0.1996635736869077,5.008424829498941,0.1614713418381728
1.0,8,raw,0.20936723014647504,4.776296650150989,0.10764000022398901
1.0,9,raw,0.199781475740034,5.005469082134781,0.1607858936236033
1.0,10,raw,0.18792474618503108,5.321278970973828,0.23402331813184896
1.0,11,raw,0.18644618761707904,5.363477863402539,0.24380938977748512
1.0,12,raw,0.2120127660003421,4.716697106807174,0.09381865640092335
1.0,13,raw,0.18766105822753884,5.328756053307027,0.23575727983562156
1.0,14,raw,0.18304832784234262,5.463038159306696,0.26689777273504167
1.0,15,raw,0.198064564630668,5.048858698499174,0.17084809833989878
1.0,16,raw,0.1880853034311645,5.316736511345663,0.2329699057598602
1.0,17,raw,0.20337623637508306,4.9169953079263315,0.1402685140590476
1.0,18,raw,0.19170450953217902,5.2163613805451075,0.20969255972254985
1.0,19,raw,0.1881536103614068,5.314806333395319,0.2325222907011757
1.0,20,raw,0.19914252398149318,5.021529204344787,0.16451029247720572
1.0,21,raw,0.1990756698120249,5.023215548862598,0.16490136170487335
1.0,22,raw,0.18916105652809836,5.286500394712365,0.22595804391635
1.0,23,raw,0.20121488868794618,4.969811163183101,0.15251669674397106
1.0,24,raw,0.19286303590527745,5.185026748677434,0.20242594833068184
1.0,25,raw,0.2173161003937173,4.601591866356307,0.06712534610271348
1.0,26,raw,0.19847113947886197,5.038515940533028,0.16844957637297342
1.0,27,raw,0.19877071213541533,5.030922258399597,0.16668857476523025
1.0,28,raw,0.19992653870838634,5.001837207108378,0.15994364902497016
1.0,29,raw,0.197054967675593,5.074726162936814,0.17684685436661995
1.0,30,raw,0.19564204761924,5.111375658601812,0.18534600137527657
1.0,31,raw,0.1957891191100461,5.107536131453432,0.18445560151886098
1.0,32,raw,0.19807898220566383,5.048491207218078,0.170762875818667
1.0,33,raw,0.18654375852810381,5.360672519361427,0.2431588206227766
1.0,34,raw,0.20236863813554362,4.94147714395456,0.14594593798181266
1.0,35,raw,0.19911186054938007,5.022302525027123,0.16468962826463618
1.0,36,raw,0.1830487852469927,5.463024508196942,0.2668946069946536
1.0,37,raw,0.19790149981597702,5.053018804455103,0.17181284154985232
1.0,38,raw,0.19429176555498504,5.1468985169986405,0.19358387723698112
1.0,39,raw,0.1822202913497387,5.487863028825269,0.27265474733130013
1.0,40,raw,0.19335769334135658,5.171762150857814,0.1993498414202306
1.0,41,raw,0.17528065954800773,5.705135994916253,0.3230411127179802
1.0,42,raw,0.18906016198669243,5.289321607956667,0.22661229319511955
1.0,43,raw,0.18418645447138865,5.429280903799248,0.25906934639626966
1.0,44,raw,0.19251033426936215,5.194526329172496,0.2046289344750507
1.0,45,raw,0.17949698969830818,5.571124071109842,0.29196327601990624
1.0,46,raw,0.19775482747182685,5.056766566886793,0.1726819608455612
1.0,47,raw,0.1889434490047009,5.292588895077913,0.22736998857561797
1.0,48,raw,0.19272937194024786,5.188622730063331,0.20325986906777738
1.0,49,raw,0.18792980977088347,5.321135594290018,0.233990068574353
1.0,50,raw,0.19748209823521065,5.063750126904931,0.17430147298784204
1.0,51,raw,0.1948680585628771,5.131677337860556,0.19005403223386907
1.0,52,raw,0.21015002174749683,4.758505336732906,0.10351413203743753
1.0,53,raw,0.2195352669364722,4.555076794515088,0.056338337263344807
1.0,54,raw,0.22100458444568888,4.524793015077687,0.04931542224784513
1.0,55,raw,0.22873206366742047,4.371927503150645,0.013865372121717234
1.0,56,raw,0.2346418104987664,4.261815052800479,-0.01167009258327889
1.0,57,raw,0.24442481489810872,4.091237628294253,-0.051227597562018334
1.0,58,raw,0.2448857312620693,4.083537227123414,-0.05301334769006427
1.0,59,raw,0.24192969730918706,4.1334321958911735,-0.0414425288600927
1.0,0,smoothed,0.23467615774035433,4.261191292838533,0.0
1.0,1,smoothed,0.2364212108667569,4.229738932195824,-0.007381119147494952
1.0,2,smoothed,0.23659440704444185,4.226642601116772,-0.008107754228218855
1.0,3,smoothed,0.23375892668125864,4.277911497102086,0.003923833293204559
1.0,4,smoothed,0.22620170656966815,4.420833136782762,0.03746413455141684
1.0,5,smoothed,0.21913929629041815,4.56330752597988,0.07089947678460029
1.0,6,smoothed,0.2138817289210175,4.675481187873141,0.09722396075737638
1.0,7,smoothed,0.2078982949956931,4.810044257557362,0.12880270492461698
1.0,8,smoothed,0.20367026874741523,4.909896796179737,0.15223571502913624
1.0,9,smoothed,0.19784174000397628,5.054545112572816,0.1861812261438751
1.0,10,smoothed,0.1922448036264672,5.201701066224947,0.22071521993557508
1.0,11,smoothed,0.19295186886878501,5.182639618173587,0.2162419525459145
1.0,12,smoothed,0.19575571499884953,5.108407690707151,0.1988214890264306
1.0,13,smoothed,0.1918881104260364,5.211370302098272,0.22298435905861202
1.0,14,smoothed,0.18874934827098244,5.298031538441799,0.24332168502873963
1.0,15,smoothed,0.19059566703540284,5.246708991628082,0.23127750693704718
1.0,16,smoothed,0.19247064843891784,5.195597396853777,0.2192828342594313
1.0,17,smoothed,0.19301514587476026,5.180940570585376,0.215843226586095
1.0,18,smoothed,0.19191407874612418,5.210665140012275,0.22281887432968617
1.0,19,smoothed,0.19221089719326825,5.202618657955168,0.22093055683719753
1.0,20,smoothed,0.19444466560674323,5.142851293346669,0.20690458135260825
1.0,21,smoothed,0.1940027341084321,5.154566530186526,0.2096538681212039
1.0,22,smoothed,0.19321899813079793,5.175474511688849,0.21456047288627556
1.0,23,smoothed,0.19569323936377642,5.110038564700176,0.1992042162688723
1.0,24,smoothed,0.19856544100332874,5.036123078351968,0.18185801393516532
1.0,25,smoothed,0.20159357586854032,4.960475529498532,0.16410533782776504
1.0,26,smoothed,0.20067994978678372,4.983058850983714,0.16940510494292305
1.0,27,smoothed,0.198720060016106,5.03220459936934,0.18093844034333584
1.0,28,smoothed,0.19803189084815825,5.049691722464813,0.1850422512013139
1.0,29,smoothed,0.197116283132956,5.073147606610939,0.19054678796912983
1.0,30,smoothed,0.19609946619298282,5.09945294300747,0.19672002324273508
1.0,31,smoothed,0.19566653141213997,5.110736071125324,0.19936790439672514
1.0,32,smoothed,0.1945179717753427,5.140913155083396,0.2064497465118138
1.0,33,smoothed,0.1939167601671306,5.156851832395159,0.2101901740628016
1.0,34,smoothed,0.1957536157553745,5.108462472793658,0.19883434507600506
1.0,35,smoothed,0.19399539664073673,5.15476149081989,0.20969962073355264
1.0,36,smoothed,0.19063301833968474,5.245680988054872,0.2310362590083428
1.0,37,smoothed,0.19092359334902578,5.237697355569401,0.2291626908118416
1.0,38,smoothed,0.18968063544332045,5.272019453450301,0.23721726886811934
1.0,39,smoothed,0.18697557749676078,5.348292078505945,0.2551166354569485
1.0,40,smoothed,0.18472907518553214,5.4133330067053755,0.2703801905826573
1.0,41,smoothed,0.1825174810132272,5.478927248220838,0.2857735951513989
1.0,42,smoothed,0.1825952721208909,5.47659305952856,0.285225816717654
1.0,43,smoothed,0.18439650916357916,5.423096155865372,0.27267136891497135
1.0,44,smoothed,0.18623735605309025,5.369492035287122,0.26009175985861677
1.0,45,smoothed,0.18710676893426878,5.344542079882227,0.2542366001884029
1.0,46,smoothed,0.1896367682710829,5.273238987971547,0.23750346454379723
1.0,47,smoothed,0.19087650718917876,5.238989411142643,0.22946590544935686
1.0,48,smoothed,0.19075713840780156,5.2422677774825654,0.23023525986567517
1.0,49,smoothed,0.1917243272470302,5.215822187820403,0.22402911049458085
1.0,50,smoothed,0.19475809034054226,5.134574888526892,0.20496230646959912
1.0,51,smoothed,0.19980092261156132,5.004981893622826,0.1745499203554477
1.0,52,smoothed,0.2079568714399585,4.808689383888528,0.12848474837779156
1.0,53,smoothed,0.21632818838410298,4.62260608508607,0.08481543479518039
1.0,54,smoothed,0.222402801045222,4.496346247890404,0.05518526132517887
1.0,55,smoothed,0.2283536931117988,4.379171566585586,0.027687157332113577
1.0,56,smoothed,0.23506670538959226,4.254111607778018,-0.0016614332880134919
1.0,57,smoothed,0.24091390467081109,4.1508604551755415,-0.025892017063025685
1.0,58,smoothed,0.2432301468371569,4.111332468460425,-0.03516829310854097
1.0,59,smoothed,0.24290136559562542,4.116897398035912,-0.03386233681767015
2.0,0,raw,0.25487463761086293,3.9234974863476935,0.0
2.0,1,raw,0.25487463761086293,3.9234974863476935,0.0
2.0,2,raw,0.25487463761086293,3.9234974863476935,0.0
2.0,3,raw,0.25487463761086293,3.9234974863476935,0.0
2.0,4,raw,0.25487463761086293,3.9234974863476935,0.0
2.0,5,raw,0.25487463761086293,3.9234974863476935,0.0
2.0,6,raw,0.25487463761086293,3.9234974863476935,0.0
2.0,7,raw,0.25487463761086293,3.9234974863476935,0.0
2.0,8,raw,0.25487463761086293,3.9234974863476935,0.0
2.0,9,raw,0.25487463761086293,3.9234974863476935,0.0
2.0,10,raw,0.25487463761086293,3.9234974863476935,0.0
2.0,11,raw,0.25487463761086293,3.9234974863476935,0.0
2.0,12,raw,0.25487463761086293,3.9234974863476935,0.0
2.0,13,raw,0.25487463761086293,3.9234974863476935,0.0
2.0,14,raw,0.25487463761086293,3.9234974863476935,0.0
2.0,15,raw,0.25487463761086293,3.9234974863476935,0.0
2.0,16,raw,0.25487463761086293,3.9234974863476935,0.0
2.0,17,raw,0.25487463761086293,3.9234974863476935,0.0
2.0,18,raw,0.25487463761086293,3.9234974863476935,0.0
2.0,19,raw,0.25487463761086293,3.9234974863476935,0.0
2.0,20,raw,0.25487463761086293,3.9234974863476935,0.0
2.0,21,raw,0.24515551423651466,4.079043472117239,0.039644726754837434
2.0,22,raw,0.2533507950364761,3.947096356480844,0.006014753473212675
2.0,23,raw,0.19803784139295627,5.049539991782437,0.2869996755071085
2.0,24,raw,0.19361008617499723,5.165020168918967,0.31643264380601965
2.0,25,raw,0.19611366525659538,5.099083731322846,0.2996271181683572
2.0,26,raw,0.19811732527418843,5.047514136464492,0.2864833363670951
2.0,27,raw,0.20236863813554362,4.94147714395456,0.2594571963277805
2.0,28,raw,0.19790149981597702,5.053018804455103,0.2878863366263702
2.0,29,raw,0.19423547829722926,5.148390030320557,0.3121940432573316
2.0,30,raw,0.20004684164700987,4.99882923302802,0.27407478924660444
2.0,31,raw,0.19790149981597702,5.053018804455103,0.2878863366263702
2.0,32,raw,0.20026900925685756,4.9932838021754895,0.27266139956766966
2.0,33,raw,0.19611366525659538,5.099083731322846,0.2996271181683572
2.0,34,raw,0.19811732527418843,5.047514136464492,0.2864833363670951
2.0,35,raw,0.19590334627146397,5.10455803350238,0.30102237895253836
2.0,36,raw,0.20644748886934242,4.843846759661414,0.23457368751125562
2.0,37,raw,0.21686395308669693,4.611185887588356,0.17527433205540754
2.0,38,raw,0.2215861555398968,4.512917323573264,0.15022816741352107
2.0,39,raw,0.2517462046987137,3.972254521957087,0.012426931781924111
2.0,40,raw,0.2546462031860693,3.9270171221414314,0.0008970658974511991
2.0,41,raw,0.2546462031860693,3.9270171221414314,0.0008970658974511991
2.0,42,raw,0.2546462031860693,3.9270171221414314,0.0008970658974511991
2.0,43,raw,0.2546462031860693,3.9270171221414314,0.0008970658974511991
2.0,44,raw,0.2546462031860693,3.9270171221414314,0.0008970658974511991
2.0,45,raw,0.254529617682467,3.9288158647514595,0.0013555197683372544
2.0,46,raw,0.254529617682467,3.9288158647514595,0.0013555197683372544
2.0,47,raw,0.254529617682467,3.9288158647514595,0.0013555197683372544
2.0,48,raw,0.254529617682467,3.9288158647514595,0.0013555197683372544
2.0,49,raw,0.254529617682467,3.9288158647514595,0.0013555197683372544
2.0,50,raw,0.254529617682467,3.9288158647514595,0.0013555197683372544
2.0,51,raw,0.254529617682467,3.9288158647514595,0.0013555197683372544
2.0,52,raw,0.254529617682467,3.9288158647514595,0.0013555197683372544
2.0,53,raw,0.254529617682467,3.9288158647514595,0.0013555197683372544
2.0,54,raw,0.254529617682467,3.9288158647514595,0.0013555197683372544
2.0,55,raw,0.254529617682467,3.9288158647514595,0.0013555197683372544
2.0,56,raw,0.254529617682467,3.9288158647514595,0.0013555197683372544
2.0,57,raw,0.254529617682467,3.9288158647514595,0.0013555197683372544
2.0,58,raw,0.254529617682467,3.9288158647514595,0.0013555197683372544
2.0,59,raw,0.254529617682467,3.9288158647514595,0.0013555197683372544
2.0,0,smoothed,0.25487463761086293,3.9234974863476935,0.0
2.0,1,smoothed,0.25487463761086293,3.9234974863476935,0.0
2.0,2,smoothed,0.25487463761086293,3.9234974863476935,0.0
2.0,3,smoothed,0.25487463761086293,3.9234974863476935,0.0
2.0,4,smoothed,0.25487463761086293,3.9234974863476935,0.0
2.0,5,smoothed,0.25487463761086293,3.9234974863476935,0.0
2.0,6,smoothed,0.25487463761086293,3.9234974863476935,0.0
2.0,7,smoothed,0.25487463761086293,3.9234974863476935,0.0
2.0,8,smoothed,0.25487463761086293,3.9234974863476935,0.0
2.0,9,smoothed,0.25487463761086293,3.9234974863476935,0.0
2.0,10,smoothed,0.25487463761086293,3.9234974863476935,0.0
2.0,11,smoothed,0.25487463761086293,3.9234974863476935,0.0
2.0,12,smoothed,0.25487463761086293,3.9234974863476935,0.0
2.0,13,smoothed,0.25487463761086293,3.9234974863476935,0.0
2.0,14,smoothed,0.25487463761086293,3.9234974863476935,0.0
2.0,15,smoothed,0.25487463761086293,3.9234974863476935,0.0
2.0,16,smoothed,0.25487463761086293,3.9234974863476935,0.0
2.0,17,smoothed,0.254873237636048,3.9235190374439095,5.492827838127212e-06
2.0,18,smoothed,0.25482780953153694,3.9242184824268254,0.0001837636143875443
2.0,19,smoothed,0.25427535593910633,3.9327444702878687,0.002356821680745691
2.0,20,smoothed,0.25149949124952753,3.9761511843689608,0.013420092202042211
2.0,21,smoothed,0.24203922260064825,4.13156177439037,0.053030310014639426
2.0,22,smoothed,0.221355746115447,4.517614823870237,0.15142544109938894
2.0,23,smoothed,0.2028985357267503,4.928571792882384,0.25616794965001843
2.0,24,smoothed,0.19612567169228157,5.098771575242766,0.2995475575005686
2.0,25,smoothed,0.19630647102110246,5.094075578855994,0.2983506671232683
2.0,26,smoothed,0.19827772491350815,5.043430876747329,0.28544261702641216
2.0,27,smoothed,0.19931310731272384,5.017231498132193,0.27876505989624967
2.0,28,smoothed,0.19806872102538386,5.048752750172215,0.28679902758699094
2.0,29,smoothed,0.19708505201205503,5.073951523928021,0.2932215559162401
2.0,30,smoothed,0.19791139103729602,5.052766264532758,0.2878219706051801
2.0,31,smoothed,0.19865231672009648,5.033920653485316,0.28301870231890813
2.0,32,smoothed,0.1984657427426538,5.038652949273358,0.2842248444929527
2.0,33,smoothed,0.1976993603900106,5.05818530736394,0.28920314718297546
2.0,34,smoothed,0.1976067016837172,5.06055711410318,0.2898076605661224
2.0,35,smoothed,0.19949413917920175,5.012678588525947,0.2776046387102826
2.0,36,smoothed,0.20405251611617162,4.900699187804564,0.24906392953153866
2.0,37,smoothed,0.20912657729627837,4.781792983601783,0.21875775382567153
2.0,38,smoothed,0.22019371290625495,4.541455733687269,0.15750188434931833
2.0,39,smoothed,0.23937078136051818,4.177619316427314,0.06476920935055253
2.0,40,smoothed,0.2512490569598498,3.980114441423764,0.01443022590764409
2.0,41,smoothed,0.25427003793600667,3.932826722791754,0.002377785757865958
2.0,42,smoothed,0.25462534291131617,3.927338844461729,0.0009790647572485156
2.0,43,smoothed,0.25463891225636703,3.9271295621668907,0.0009257240081930185
2.0,44,smoothed,0.2546110864159385,3.9275587488220256,0.0010351128013879052
2.0,45,smoothed,0.25456457545227035,3.928276344905245,0.00121800984304965
2.0,46,smoothed,0.2545364237276944,3.9287108122089824,0.0013287445396432673
2.0,47,smoothed,0.2545301482588239,3.9288076750072474,0.0013534324102491002
2.0,48,smoothed,0.25452963323461997,3.928815624694754,0.0013554585839714584
2.0,49,smoothed,0.254529617682467,3.9288158647514595,0.0013555197683372544
2.0,50,smoothed,0.254529617682467,3.9288158647514595,0.0013555197683372544
2.0,51,smoothed,0.254529617682467,3.9288158647514595,0.0013555197683372544
2.0,52,smoothed,0.254529617682467,3.9288158647514595,0.0013555197683372544
2.0,53,smoothed,0.254529617682467,3.9288158647514595,0.0013555197683372544
2.0,54,smoothed,0.254529617682467,3.9288158647514595,0.0013555197683372544
2.0,55,smoothed,0.254529617682467,3.9288158647514595,0.0013555197683372544
2.0,56,smoothed,0.254529617682467,3.9288158647514595,0.0013555197683372544
2.0,57,smoothed,0.254529617682467,3.9288158647514595,0.0013555197683372544
2.0,58,smoothed,0.254529617682467,3.9288158647514595,0.0013555197683372544
2.0,59,smoothed,0.254529617682467,3.9288158647514595,0.0013555197683372544
4.0,0,raw,0.25487463761086293,3.9234974863476935,0.0
4.0,1,raw,0.25487463761086293,3.9234974863476935,0.0
4.0,2,raw,0.25487463761086293,3.9234974863476935,0.0
4.0,3,raw,0.25487463761086293,3.9234974863476935,0.0
4.0,4,raw,0.25487463761086293,3.9234974863476935,0.0
4.0,5,raw,0.25487463761086293,3.9234974863476935,0.0
4.0,6,raw,0.25487463761086293,3.9234974863476935,0.0
4.0,7,raw,0.25487463761086293,3.9234974863476935,0.0
4.0,8,raw,0.25487463761086293,3.9234974863476935,0.0
4.0,9,raw,0.25487463761086293,3.9234974863476935,0.0
4.0,10,raw,0.25487463761086293,3.9234974863476935,0.0
4.0,11,raw,0.25487463761086293,3.9234974863476935,0.0
4.0,12,raw,0.25487463761086293,3.9234974863476935,0.0
4.0,13,raw,0.25487463761086293,3.9234974863476935,0.0
4.0,14,raw,0.25487463761086293,3.9234974863476935,0.0
4.0,15,raw,0.25487463761086293,3.9234974863476935,0.0
4.0,16,raw,0.25487463761086293,3.9234974863476935,0.0
4.0,17,raw,0.25487463761086293,3.9234974863476935,0.0
4.0,18,raw,0.25487463761086293,3.9234974863476935,0.0
4.0,19,raw,0.25487463761086293,3.9234974863476935,0.0
4.0,20,raw,0.25487463761086293,3.9234974863476935,0.0
4.0,21,raw,0.25487463761086293,3.9234974863476935,0.0
4.0,22,raw,0.25487463761086293,3.9234974863476935,0.0
4.0,23,raw,0.2545806349513404,3.9280285407063116,0.0011548508376479916
4.0,24,raw,0.2545806349513404,3.9280285407063116,0.0011548508376479916
4.0,25,raw,0.2545806349513404,3.9280285407063116,0.0011548508376479916
4.0,26,raw,0.224332644904151,4.457665982707344,0.13614600193280557
4.0,27,raw,0.2049830430518776,4.878452310549989,0.24339376475330532
4.0,28,raw,0.19811732527418843,5.047514136464492,0.2864833363670951
4.0,29,raw,0.20004684164700987,4.99882923302802,0.27407478924660444
4.0,30,raw,0.19423547829722926,5.148390030320557,0.3121940432573316
4.0,31,raw,0.20004684164700987,4.99882923302802,0.27407478924660444
4.0,32,raw,0.19811732527418843,5.047514136464492,0.2864833363670951
4.0,33,raw,0.20777303646062636,4.812944052004087,0.22669737109589994
4.0,34,raw,0.17640413383716408,5.668801395114042,0.44483370126764576
4.0,35,raw,0.2546462031860693,3.9270171221414314,0.0008970658974511991
4.0,36,raw,0.2546462031860693,3.9270171221414314,0.0008970658974511991
4.0,37,raw,0.2546462031860693,3.9270171221414314,0.0008970658974511991
4.0,38,raw,0.254529617682467,3.9288158647514595,0.0013555197683372544
4.0,39,raw,0.254529617682467,3.9288158647514595,0.0013555197683372544
4.0,40,raw,0.254529617682467,3.9288158647514595,0.0013555197683372544
4.0,41,raw,0.254529617682467,3.9288158647514595,0.0013555197683372544
4.0,42,raw,0.254529617682467,3.9288158647514595,0.0013555197683372544
4.0,43,raw,0.254529617682467,3.9288158647514595,0.0013555197683372544
4.0,44,raw,0.254529617682467,3.9288158647514595,0.0013555197683372544
4.0,45,raw,0.254529617682467,3.9288158647514595,0.0013555197683372544
4.0,46,raw,0.254529617682467,3.9288158647514595,0.0013555197683372544
4.0,47,raw,0.254529617682467,3.9288158647514595,0.0013555197683372544
4.0,48,raw,0.254529617682467,3.9288158647514595,0.0013555197683372544
4.0,49,raw,0.254529617682467,3.9288158647514595,0.0013555197683372544
4.0,50,raw,0.254529617682467,3.9288158647514595,0.0013555197683372544
4.0,51,raw,0.254529617682467,3.9288158647514595,0.0013555197683372544
4.0,52,raw,0.254529617682467,3.9288158647514595,0.0013555197683372544
4.0,53,raw,0.254529617682467,3.9288158647514595,0.0013555197683372544
4.0,54,raw,0.254529617682467,3.9288158647514595,0.0013555197683372544
4.0,55,raw,0.254529617682467,3.9288158647514595,0.0013555197683372544
4.0,56,raw,0.254529617682467,3.9288158647514595,0.0013555197683372544
4.0,57,raw,0.254529617682467,3.9288158647514595,0.0013555197683372544
4.0,58,raw,0.254529617682467,3.9288158647514595,0.0013555197683372544
4.0,59,raw,0.254529617682467,3.9288158647514595,0.0013555197683372544
4.0,0,smoothed,0.25487463761086293,3.9234974863476935,0.0
4.0,1,smoothed,0.25487463761086293,3.9234974863476935,0.0
4.0,2,smoothed,0.25487463761086293,3.9234974863476935,0.0
4.0,3,smoothed,0.25487463761086293,3.9234974863476935,0.0
4.0,4,smoothed,0.25487463761086293,3.9234974863476935,0.0
4.0,5,smoothed,0.25487463761086293,3.9234974863476935,0.0
4.0,6,smoothed,0.25487463761086293,3.9234974863476935,0.0
4.0,7,smoothed,0.25487463761086293,3.9234974863476935,0.0
4.0,8,smoothed,0.25487463761086293,3.9234974863476935,0.0
4.0,9,smoothed,0.25487463761086293,3.9234974863476935,0.0
4.0,10,smoothed,0.25487463761086293,3.9234974863476935,0.0
4.0,11,smoothed,0.25487463761086293,3.9234974863476935,0.0
4.0,12,smoothed,0.25487463761086293,3.9234974863476935,0.0
4.0,13,smoothed,0.25487463761086293,3.9234974863476935,0.0
4.0,14,smoothed,0.25487463761086293,3.9234974863476935,0.0
4.0,15,smoothed,0.25487463761086293,3.9234974863476935,0.0
4.0,16,smoothed,0.25487463761086293,3.9234974863476935,0.0
4.0,17,smoothed,0.25487463761086293,3.9234974863476935,0.0
4.0,18,smoothed,0.25487463761086293,3.9234974863476935,0.0
4.0,19,smoothed,0.2548745982130076,3.9234980928317738,1.5457741020519222e-07
4.0,20,smoothed,0.25487329354298643,3.923518176812597,5.273474744216244e-06
4.0,21,smoothed,0.2548574006190939,3.923762847658425,6.763386790864523e-05
4.0,22,smoothed,0.2547810043888763,3.9249393901975678,0.0003675047212063909
4.0,23,smoothed,0.25447671874699423,3.929632560981815,0.001563674924087266
4.0,24,smoothed,0.25185204410320555,3.9705852043440775,0.012001465060250904
4.0,25,smoothed,0.23851954268867523,4.192528581631728,0.06856920291657187
4.0,26,smoothed,0.21571161670614697,4.635818947860604,0.18155267436554334
4.0,27,smoothed,0.2027265582268594,4.932752811207689,0.2572335851805252
4.0,28,smoothed,0.19954415089627672,5.011422261731947,0.277284432873941
4.0,29,smoothed,0.19820388265860345,5.045309842504203,0.28592151774277874
4.0,30,smoothed,0.19742139124962885,5.065307227703371,0.2910183440485814
4.0,31,smoothed,0.1982018913094587,5.045360533107473,0.2859344374919175
4.0,32,smoothed,0.1980473102533054,5.049298567705794,0.2869381426330635
4.0,33,smoothed,0.19356168961606712,5.166311587708894,0.31676179370210633
4.0,34,smoothed,0.19710819670415128,5.073355734165362,0.2930697042163901
4.0,35,smoothed,0.22269893503864133,4.490367229760152,0.1444807204248133
4.0,36,smoothed,0.24743005734533258,4.041546167547148,0.0300876148411513
4.0,37,smoothed,0.25403323373361164,3.9364928175052714,0.003312180319420932
4.0,38,smoothed,0.25454767985583365,3.9285370841579184,0.001284465665585488
4.0,39,smoothed,0.2545364237276944,3.9287108122089824,0.0013287445396432673
4.0,40,smoothed,0.2545301482588239,3.9288076750072474,0.0013534324102491002
4.0,41,smoothed,0.25452963323461997,3.928815624694754,0.0013554585839714584
4.0,42,smoothed,0.254529617682467,3.9288158647514595,0.0013555197683372544
4.0,43,smoothed,0.254529617682467,3.9288158647514595,0.0013555197683372544
4.0,44,smoothed,0.254529617682467,3.9288158647514595,0.0013555197683372544
4.0,45,smoothed,0.254529617682467,3.9288158647514595,0.0013555197683372544
4.0,46,smoothed,0.254529617682467,3.9288158647514595,0.0013555197683372544
4.0,47,smoothed,0.254529617682467,3.9288158647514595,0.0013555197683372544
4.0,48,smoothed,0.254529617682467,3.9288158647514595,0.0013555197683372544
4.0,49,smoothed,0.254529617682467,3.9288158647514595,0.0013555197683372544
4.0,50,smoothed,0.254529617682467,3.9288158647514595,0.0013555197683372544
4.0,51,smoothed,0.254529617682467,3.9288158647514595,0.0013555197683372544
4.0,52,smoothed,0.254529617682467,3.9288158647514595,0.0013555197683372544
4.0,53,smoothed,0.254529617682467,3.9288158647514595,0.0013555197683372544
4.0,54,smoothed,0.254529617682467,3.9288158647514595,0.0013555197683372544
4.0,55,smoothed,0.254529617682467,3.9288158647514595,0.0013555197683372544
4.0,56,smoothed,0.254529617682467,3.9288158647514595,0.0013555197683372544
4.0,57,smoothed,0.254529617682467,3.9288158647514595,0.0013555197683372544
4.0,58,smoothed,0.254529617682467,3.9288158647514595,0.0013555197683372544
4.0,59,smoothed,0.254529617682467,3.9288158647514595,0.0013555197683372544
